company,role,location,apply_url,age
Elsevier,Simulation Software Engineer Intern,"5 locations : NYC, Florida, Massachusetts, Pennsylvania, North Carolina",https://relx.wd3.myworkdayjobs.com/ElsevierJobs/job/Pennsylvania/Simulation-Software-Engineer-Intern_R110008?utm_source=Simplify&ref=Simplify,0d
General Dynamics Mission Systems,Custom Applications Intern,"4 locations : Scottsdale, AZ, Chantilly, VA, Dedham, MA, Bloomington, MN",https://careers-gdms.icims.com/jobs/71145/job?mobile=true&needsRedirect=false&utm_source=Simplify&ref=Simplify,0d
General Dynamics Mission Systems,Custom Applications Intern,"4 locations : Scottsdale, AZ, Chantilly, VA, Dedham, MA, Bloomington, MN",https://careers-gdms.icims.com/jobs/71147/job?mobile=true&needsRedirect=false&utm_source=Simplify&ref=Simplify,0d
MAXISIQ,Software Engineer Intern - Spring - Summer,"Arlington, VA",https://jobs.smartrecruiters.com/IOMAXISLLC/3743990011915576?utm_source=Simplify&ref=Simplify,0d
MFS,Software Engineer Intern,"Boston, MA",https://mfs.wd1.myworkdayjobs.com/en-US/MFS-Careers/job/Boston/Software-Engineering-Intern_MFS-231622?utm_source=Simplify&ref=Simplify,0d
Serval,Software Engineer Intern,SF,https://jobs.ashbyhq.com/Serval/d7fb089c-db8a-4877-a5f3-73a09e67f54b/application?utm_source=Simplify&ref=Simplify,0d
CACI,Automations Intern - Summer 2026,"Oklahoma City, OK",https://caci.wd1.myworkdayjobs.com/external/job/US-OK-Oklahoma-City/Automations-Intern---Summer-2026_321976?utm_source=Simplify&ref=Simplify,1d
Cypress Creek Renewables,Quantitative Development Intern,"4 locations : Washington, DC, Durham, NC, NYC, SF",https://ccrenew.com/careers/job-listing/?gh_jid=7663697&utm_source=Simplify&ref=Simplify,2d
Thales,Software Development Intern,Pennsylvania,https://thales.wd3.myworkdayjobs.com/en-US/Careers/job/Pennsylvania/Software-Development-Intern_R0317650-1?utm_source=Simplify&ref=Simplify,2d
Global Relay,Co-op Java Developer - Summer 2026,"Vancouver, BC, Canada",https://www.globalrelay.com/careers/jobs?gh_jid=5815444004&utm_source=Simplify&ref=Simplify,2d
Global Relay,Co-op Java Developer - Summer 2026,"Kelowna, BC, Canada",https://www.globalrelay.com/careers/jobs?gh_jid=5815433004&utm_source=Simplify&ref=Simplify,2d
Global Relay,Co-op Java Developer,"Halifax Regional Municipality, NS, Canada",https://www.globalrelay.com/careers/jobs?gh_jid=5815419004&utm_source=Simplify&ref=Simplify,2d
State Street,Application Developer Intern,"Quincy, MA",https://statestreet.wd1.myworkdayjobs.com/Global/job/Quincy-Massachusetts/Application-Developer--Fulltime-Internship--July---Dec-2026-_R-785064?utm_source=Simplify&ref=Simplify,2d
CliftonLarsonAllen,Application Developer Intern - Summer 2026 - Minneapolis MT,"Minneapolis, MN",https://cliftonlarsonallen.wd1.myworkdayjobs.com/CLA/job/Minneapolis-MN/Application-Developer-Intern---Summer-2026---Minneapolis--MN_R17043?utm_source=Simplify&ref=Simplify,2d
RTX,Intern – Software Engineer Intern,"Marlborough, MA",https://globalhr.wd5.myworkdayjobs.com/rec_rtx_ext_gateway/job/US-MA-MARLBOROUGH-MA2--1001-Boston-Post-Rd--BLDG-2/XMLNAME-2026-Intern---Software-Engineer-Intern---Onsite--MA-_01827452?utm_source=Simplify&ref=Simplify,2d
KION Group,Intern Software Engineer,"Atlanta, GA",https://kiongroup.wd3.myworkdayjobs.com/kiongroup/job/Atlanta-GA-United-States/Intern---Software-Engineer_JR-0087191?utm_source=Simplify&ref=Simplify,2d
KLA,Software Intern 🎓,"Milpitas, CA",https://kla.wd1.myworkdayjobs.com/UR/job/Milpitas-CA/Software-Intern_2634450?utm_source=Simplify&ref=Simplify,2d
KION Group,Intern Software Engineer,"Atlanta, GA",https://kiongroup.wd3.myworkdayjobs.com/en-US/KION_SCS/job/Atlanta-GA-United-States/Intern---Software-Engineer_JR-0087191-1?utm_source=Simplify&ref=Simplify,2d
KLA,Software Intern 🎓,"Milpitas, CA",https://kla.wd1.myworkdayjobs.com/Search/job/Milpitas-CA/Software-Intern_2634450-1?utm_source=Simplify&ref=Simplify,2d
RF-SMART,Software Developer Intern,"Highlands Ranch, CO",https://job-boards.greenhouse.io/rfsmart/jobs/5099760008?utm_source=Simplify&ref=Simplify,2d
World Kinect,Technology Intern,"Miami, FL",https://wfscorp.wd5.myworkdayjobs.com/wfscareers/job/MIAMI-FL/Technology-Internship---Summer-2026_R22263?utm_source=Simplify&ref=Simplify,2d
Fiserv,Technology Intern Program - Application Development,"Columbus, OH",https://fiserv.wd5.myworkdayjobs.com/ext/job/Columbus-Ohio/Technology-Summer-Internship-Program---Application-Development--Columbus--OH-_R-10389119?utm_source=Simplify&ref=Simplify,2d
Transcarent,Software Engineering Intern,"Seattle, WA",https://boards.greenhouse.io/transcarent/jobs/5808306004?utm_source=Simplify&ref=Simplify,2d
Kioxia,Full Stack Developer Intern,"Santa Clara, CA",https://jobs.smartrecruiters.com/Kioxia/744000111923246?utm_source=Simplify&ref=Simplify,2d
Motorola,Software Engineering Intern,"Glasgow, UK, Edinburgh, UK",https://motorolasolutions.wd5.myworkdayjobs.com/Careers/job/Glasgow-UK-ZUK118/Software-Engineering-Internship_R62644?utm_source=Simplify&ref=Simplify,3d
Strategic Education,Engineering Intern,"Minneapolis, MN",https://strayer.wd1.myworkdayjobs.com/en-US/SEI/job/Minneapolis-MN/Sophia-Engineering-Intern_R29575-1?utm_source=Simplify&ref=Simplify,3d
Graphcore,2026 Software Engineering Intern - ML Kernels & Runtime Team,"Bristol, UK",https://job-boards.greenhouse.io/graphcore/jobs/8441326002?utm_source=Simplify&ref=Simplify,3d
Graphcore,Software Engineering Intern,"Bristol, UK",https://job-boards.greenhouse.io/graphcore/jobs/8441333002?utm_source=Simplify&ref=Simplify,3d
Graphcore,Software Engineering Intern - Drivers,"Cambridge, UK",https://job-boards.greenhouse.io/graphcore/jobs/8441356002?utm_source=Simplify&ref=Simplify,3d
Roku,Software Engineer Intern - UI,"Cambridge, UK",https://www.weareroku.com/jobs/7626180?gh_jid=7626180&utm_source=Simplify&ref=Simplify,3d
Cadence Design Systems,Software Intern,"San Jose, CA",https://cadence.wd1.myworkdayjobs.com/External_Careers/job/SAN-JOSE/Software-Intern_R53282-1?utm_source=Simplify&ref=Simplify,3d
Cadence Design Systems,Intern-Software Engineering,"Austin, TX",https://cadence.wd1.myworkdayjobs.com/External_Careers/job/AUSTIN/Intern-Software-Engineering_R53488?utm_source=Simplify&ref=Simplify,3d
Wex,Intern Software Engineer,Remote in USA,https://wexinc.wd5.myworkdayjobs.com/en-US/WEXInc/job/US---Remote/Intern---Software-Engineer_R19178?utm_source=Simplify&ref=Simplify,3d
Treehouse Strategy and Communications,Python Developer Intern,"White Plains, NY",https://jobs.smartrecruiters.com/TreehouseStrategyAndCommunicatio/743999873589721?utm_source=Simplify&ref=Simplify,3d
Cadence Design Systems,Intern-Software Engineering,"Austin, TX",https://cadence.wd1.myworkdayjobs.com/Univ_Careers/job/AUSTIN/Intern-Software-Engineering_R53488-2?utm_source=Simplify&ref=Simplify,3d
Cadence Design Systems,Software Intern,"San Jose, CA",https://cadence.wd1.myworkdayjobs.com/Univ_Careers/job/SAN-JOSE/Software-Intern_R53282?utm_source=Simplify&ref=Simplify,3d
🔥 Intel,Compiler Engineer Intern,"Toronto, ON, Canada",https://intel.wd1.myworkdayjobs.com/en-us/external/job/Canada-Toronto/Compiler-Engineering-Intern_JR0280843?utm_source=Simplify&ref=Simplify,3d
Samsung,DRAM Field Application Engineer,"San Jose, CA",https://job-boards.greenhouse.io/samsungsemiconductor/jobs/7641072003?utm_source=Simplify&ref=Simplify,3d
Thermo Fisher Scientific,Software Engineering Intern/Co-op,"Hillsboro, OR",https://thermofisher.wd5.myworkdayjobs.com/ThermoFisherCareers/job/Hillsboro-Oregon-USA/Software-Engineering-Co-op_R-01328128?utm_source=Simplify&ref=Simplify,3d
Geisinger,Undergraduate Intern - Software Development,Pennsylvania,https://geisinger.wd5.myworkdayjobs.com/geisingerexternal/job/Work-from-Home/Intern-Undergraduate--Software-Development-_R-92541?utm_source=Simplify&ref=Simplify,3d
Culture Biosciences,Software Engineer Intern 🎓,"San Bruno, CA",https://culturebiosciences.com/careers?gh_jid=7646386003&utm_source=Simplify&ref=Simplify,3d
The Walt Disney Company,Software Engineering Intern,"Celebration, FL",https://disney.wd5.myworkdayjobs.com/disneycareerdc/job/Lake-Buena-Vista-FL-USA/Software-Engineering-Intern--Summer-2026-_10135863-1?utm_source=Simplify&ref=Simplify,3d
Leidos,Software Engineer Intern,"Arlington, VA",https://leidos.wd5.myworkdayjobs.com/External/job/Arlington-VA/Software-Engineer-Intern_R-00177062?utm_source=Simplify&ref=Simplify,3d
Leidos,Systems Engineer Intern,"Arlington, VA",https://leidos.wd5.myworkdayjobs.com/External/job/Arlington-VA/Systems-Engineer-Intern_R-00177055?utm_source=Simplify&ref=Simplify,3d
Roku,Software Engineer Intern - Observability,"Cambridge, UK",https://www.weareroku.com/jobs/7653744?gh_jid=7653744&utm_source=Simplify&ref=Simplify,3d
Kaiser Permanente,Group Install and Maintenance Bachelor's Intern,"Pleasanton, CA",https://kp.taleo.net/careersection/external/jobdetail.ftl?job=1408941&utm_source=Simplify&ref=Simplify,3d
Commonwealth of Massachusetts,Parks Web Development Intern – Unpaid Internship,Massachusetts,https://massanf.taleo.net/careersection/ex/jobdetail.ftl?job=260001P3&utm_source=Simplify&ref=Simplify,3d
Kaiser Permanente,Utility Solutions Intern,"Pleasanton, CA",https://kp.taleo.net/careersection/external/jobdetail.ftl?job=1408936&utm_source=Simplify&ref=Simplify,3d
G2,Software Engineer Intern,"Chicago, IL",https://jobs.ashbyhq.com/G2/08e0f861-21f9-4067-97de-5c3f683580a8/application?utm_source=Simplify&ref=Simplify,3d
Empower,Intern-Mobile Engineer-Android,"Greenwood Village, CO",https://empower.wd12.myworkdayjobs.com/empower/job/CO-Greenwood-Village/Summer-2026-Intern--Mobile-Engineer--Android_R0056880-1?utm_source=Simplify&ref=Simplify,3d
Trimble,Software Engineer Intern,"Atlanta, GA",https://trimble.wd1.myworkdayjobs.com/en-US/TrimbleCareers/job/US---Atlanta-GA/Software-Engineer-Intern_R52484?utm_source=Simplify&ref=Simplify,3d
AeroVect,Developer Productivity Intern,"Atlanta, GA",https://jobs.ashbyhq.com/AeroVect/e29aa9a1-efbd-4698-bf9f-e4e31ad961e6/application?utm_source=Simplify&ref=Simplify,3d
General Dynamics Mission Systems,Engineering Intern,"Bloomington, MN",https://careers-gdms.icims.com/jobs/71063/job?mobile=true&needsRedirect=false&utm_source=Simplify&ref=Simplify,3d
🔥 Uber,PhD Software Engineer - Delivery Marketplace 🎓,"Sunnyvale, CA",https://www.uber.com/global/en/careers/list/156281/?utm_source=Simplify&ref=Simplify,3d
🔥 Uber,PhD Software Engineer Intern - Delivery Marketplace - United States 🎓,"Sunnyvale, CA",https://university-uber.icims.com/jobs/156281/job?mobile=true&needsRedirect=false&utm_source=Simplify&ref=Simplify,3d
Ntrepid Corporation,Software Engineer Intern - Summer 2026,"Reston, VA",https://careers-ntrepidcorp.icims.com/jobs/1814/job?mobile=true&needsRedirect=false&utm_source=Simplify&ref=Simplify,3d
SS&C,Intern – Technical,"Toronto, ON, Canada",https://wd1.myworkdaysite.com/recruiting/ssctech/SSCTechnologies/job/Ontario-Toronto/Intern---Technical_R40419?utm_source=Simplify&ref=Simplify,4d
KBR,SSMO Software Engineer Intern,"Lanham, MD",https://kbr.wd5.myworkdayjobs.com/KBR_Careers/job/Greenbelt-Maryland/SSMO-Software-Engineer-Intern_R2119666?utm_source=Simplify&ref=Simplify,4d
Cambridge Mobile Telematics,Software Engineer,"Cambridge, MA",https://job-boards.greenhouse.io/cmt/jobs/7657520?utm_source=Simplify&ref=Simplify,4d
Deliveroo,Software Engineer,"London, UK",https://jobs.ashbyhq.com/deliveroo/3e0440a9-7abc-45b0-8520-d3e13083d0f3/application?utm_source=Simplify&ref=Simplify,4d
Rolls-Royce,Undergraduate of the Year Intern - Invite Only,"Derby, KS, Solihull, UK, Bristol, UK",https://rollsroyce.wd3.myworkdayjobs.com/Intern_Graduate/job/Derby/Undergraduate-of-the-Year-2026---Summer-Internship--INVITE-ONLY-_JR6144469-1?utm_source=Simplify&ref=Simplify,4d
Skyward,Software Engineer Intern,"Plover, WI",https://jobs.smartrecruiters.com/Skyward1/744000107535692?utm_source=Simplify&ref=Simplify,4d
Motorola,Localization Software Developer – Co-Op,"Vancouver, BC, Canada",https://motorolasolutions.wd5.myworkdayjobs.com/Careers/job/Vancouver-Canada/Localization-Software-Developer--Co-Op_R62296?utm_source=Simplify&ref=Simplify,4d
Proofpoint,Software Engineering Intern - AI Agents,"Draper, UT",https://proofpoint.wd5.myworkdayjobs.com/proofpointcareers/job/Draper-UT/Software-Engineering-Intern---AI-Agents_R13776?utm_source=Simplify&ref=Simplify,4d
ZoomInfo,Software Engineer Intern - Zdp,"Bethesda, MD, Waltham, MA",https://www.zoominfo.com/careers?gh_jid=8422533002&utm_source=Simplify&ref=Simplify,4d
ZoomInfo,Software Engineer Intern - Applications,"Bethesda, MD, Waltham, MA",https://www.zoominfo.com/careers?gh_jid=8422490002&utm_source=Simplify&ref=Simplify,4d
Brunswick,Software Engineer Intern,"Urbana, IL",https://brunswick.wd1.myworkdayjobs.com/en-US/search/job/Champaign-IL/Software-Engineer-Intern_JR-049070?utm_source=Simplify&ref=Simplify,4d
Ada,Software Engineering Intern,Remote in Canada,https://job-boards.greenhouse.io/ada18/jobs/5063079007?utm_source=Simplify&ref=Simplify,4d
Finra,Graduate Intern - Python,"NYC, Chicago, IL, North Bethesda, MD",https://finra.wd1.myworkdayjobs.com/FINRA/job/Rockville-MD-Job-Posting/Summer-2026-Graduate-Intern---Python_R-009737?utm_source=Simplify&ref=Simplify,4d
Professional Case Management,Application Development Intern,Remote in USA,https://procasemanagement.wd1.myworkdayjobs.com/en-US/PCM/job/US---Remote/Application-Development-Intern_R7864?utm_source=Simplify&ref=Simplify,4d
Samsung,Engineering Intern - Associate RAN Virtualization,"Plano, TX",https://sec.wd3.myworkdayjobs.com/Samsung_Careers/job/6555-Excellence-Way-Plano-TX-USA/Engineering-Intern--Associate-RAN-Virtualization-_R114932?utm_source=Simplify&ref=Simplify,4d
General Dynamics Mission Systems,Systems / Software Engineer Intern,"Scottsdale, AZ",https://careers-gdms.icims.com/jobs/69490/job?mobile=true&needsRedirect=false&utm_source=Simplify&ref=Simplify,4d
Inogen,IT Mobile and Web,"Plano, TX",https://jobs.jobvite.com/inogen/job/oz8IzfwI?nl=1&nl=1&fr=false&utm_source=Simplify&ref=Simplify,4d
General Dynamics Mission Systems,Systems / Software Engineer Intern,"Scottsdale, AZ",https://careers-gdms.icims.com/jobs/69491/job?mobile=true&needsRedirect=false&utm_source=Simplify&ref=Simplify,4d
Al Warren Oil Company,Software Developer,"Elk Grove Village, IL",https://apply.workable.com/al-warren-oil-company-inc/j/8E2D790DF8/apply?utm_source=Simplify&ref=Simplify,4d
Altom Transport,Software Development Intern,"Houston, TX",https://apply.workable.com/altom-transport/j/5F77CA0DC2/apply?utm_source=Simplify&ref=Simplify,4d
Altom Transport,Software Development Intern,"Markham, IL",https://apply.workable.com/altom-transport/j/2D4E55F954/apply?utm_source=Simplify&ref=Simplify,4d
Altom Transport,Software Development Intern,"Chicago, IL",https://apply.workable.com/altom-transport/j/B67E28F771/apply?utm_source=Simplify&ref=Simplify,4d
Amentum,Summer 2026 – SES Simulation Engineer Intern,"Houston, TX",https://pae.wd1.myworkdayjobs.com/en-US/amentum_careers/job/US-TX-Houston/Summer-2026---SES-Simulation-Engineer-Intern_R0154870?utm_source=Simplify&ref=Simplify,5d
The Walt Disney Company,System App Dev & Sustainment Intern,"Orlando, FL",https://disney.wd5.myworkdayjobs.com/disneycareerdc/job/Orlando-FL-USA/System-App-Dev---Sustainment-Intern--Summer-Fall-2026_10140577-1?utm_source=Simplify&ref=Simplify,5d
The Walt Disney Company,System App Dev & Sustainment Intern,"Orlando, FL",https://disney.wd5.myworkdayjobs.com/disneycareer/job/Orlando-FL-USA/System-App-Dev---Sustainment-Intern--Summer-Fall-2026_10140577?utm_source=Simplify&ref=Simplify,5d
Amentum,Process Automation Intern,"Houston, TX",https://jacobs.taleo.net/careersection/ex3/jobdetail.ftl?job=ADV000CKV&utm_source=Simplify&ref=Simplify,5d
EaglePicher Technologies,Intern Product Engineer,"Joplin, MO",https://careers-eaglepicher.icims.com/jobs/3042/job?mobile=true&needsRedirect=false&utm_source=Simplify&ref=Simplify,5d
Northwestern Mutual,Application Development Intern,"Milwaukee, WI",https://jobs.smartrecruiters.com/NorthwesternMutual/85751711?utm_source=Simplify&ref=Simplify,5d
Truveta,Engineering,"Seattle, WA",https://job-boards.greenhouse.io/truveta/jobs/5659745004?utm_source=Simplify&ref=Simplify,5d
Juvare,Intern - Fullstack Developer,"Fort Wayne, IN",https://job-boards.greenhouse.io/juvare/jobs/4666028005?utm_source=Simplify&ref=Simplify,5d
General Dynamics Mission Systems,Systems / Software Engineer – Intern,"Scottsdale, AZ",https://careers-gdms.icims.com/jobs/69489/job?mobile=true&needsRedirect=false&utm_source=Simplify&ref=Simplify,5d
CAE,Software Engineering Intern/Co-op,"Arlington, TX",https://cae.wd3.myworkdayjobs.com/career/job/Arlington-TX/Software-Engineering-Co-Op_120654?utm_source=Simplify&ref=Simplify,5d
Fidelity Investments,Co-op Software Full Stack Engineer,United States,https://fmr.wd1.myworkdayjobs.com/targeted/job/Co-op--Software-Full-Stack-Engineer_2125087?utm_source=Simplify&ref=Simplify,5d
Strategic Education,Intern – IT Engineering - Java / Google Cloud Platform,"Minneapolis, MN",https://strayer.wd1.myworkdayjobs.com/en-US/SEI/job/Minneapolis-MN/Intern---IT-Engineering--Java---Google-Cloud-Platform-_R29540?utm_source=Simplify&ref=Simplify,5d
Gelber Group,Backoffice Engineering Intern,"Chicago, IL",https://job-boards.greenhouse.io/gelberhandshake/jobs/4657274006?utm_source=Simplify&ref=Simplify,5d
KLA,Software Engineer Intern 🎓,"Ann Arbor, MI",https://kla.wd1.myworkdayjobs.com/AnnArbor/job/Ann-Arbor-MI/SW-Engineer-Intern_2531671?utm_source=Simplify&ref=Simplify,5d
GE Healthcare,Software Engineer - Workflow Platform,"Orange, OH",https://gehc.wd5.myworkdayjobs.com/GEHC_ExternalSite/job/OH05-01-Beachwood-Science-Park-Drive/Software-Engineering-Intern---Workflow-Platform_R4036410-2?utm_source=Simplify&ref=Simplify,5d
Kaiser Permanente,Software Development Bachelor's Intern,"Pleasanton, CA",https://kp.taleo.net/careersection/external/jobdetail.ftl?job=1408501&utm_source=Simplify&ref=Simplify,5d
Kaiser Permanente,Cloud Software Engineer,"Greenwood Village, CO",https://kp.taleo.net/careersection/external/jobdetail.ftl?job=1408476&utm_source=Simplify&ref=Simplify,5d
d-Matrix,Software Engineering Intern - Kernels 🎓,"Toronto, ON, Canada",https://jobs.ashbyhq.com/d-Matrix/a7010650-8d5d-4b89-8126-152abd02726a/application?utm_source=Simplify&ref=Simplify,5d
Kabam,Software Engineer Co-op - Systems,"Vancouver, BC, Canada",https://jobs.lever.co/kabam/3e547642-cba0-43e3-8f7f-1b00b2befc13/apply?utm_source=Simplify&ref=Simplify,5d
Solar Turbines,2026 Software Development Internship - Solutions. Platforms. Engineered - Spe,"San Diego, CA",https://cat.wd5.myworkdayjobs.com/en-US/solarturbines/job/San-Diego-California/XMLNAME-2026-Software-Development-Internship--Solutions-Platforms-Engineered--SPE-_R0000353519?utm_source=Simplify&ref=Simplify,5d
OCLC,Resource Sharing-Software Engineer Intern,"Dublin, OH",https://oclc.wd1.myworkdayjobs.com/en-US/OCLC_Careers/job/Dublin-OH--Hybrid/Resource-Sharing-Software-Engineer-Intern_R0003787?utm_source=Simplify&ref=Simplify,6d
Ticketmaster,Intern Software Engineering,"Reston, VA",https://livenation.wd503.myworkdayjobs.com/en-US/TMExternalSite/details/Intern-Software-Engineering_JR-85192?utm_source=Simplify&ref=Simplify,6d
T-Mobile,Associate Engineer Internship 🛂,"Bellevue, WA",https://tmobile.wd1.myworkdayjobs.com/en-US/External/details/Summer-2026-Associate-Engineer-Internship_REQ342273?utm_source=Simplify&ref=Simplify,6d
Carnegie Mellon University,DIT Software Engineer Intern 🛂,"Arlington, VA",https://cmu.wd5.myworkdayjobs.com/en-US/CMU/job/Arlington-VA/DIT-Software-Engineer-Intern_2024183?utm_source=Simplify&ref=Simplify,6d
Multiply Labs,Software Engineering Intern,"San Francisco, CA",https://jobs.lever.co/multiplylabs/8203fbb3-4d42-4f6a-ae64-f05c3dcf0e9b?utm_source=Simplify&ref=Simplify,6d
Multiply Labs,Robotics Software Intern,"San Francisco, CA",https://jobs.lever.co/multiplylabs/acca98ab-c206-4f71-b7a5-6977e4828586?utm_source=Simplify&ref=Simplify,6d
Citco,Citco Technology Management Intern - IT,NYC,https://fa-euxc-saasfaprod1.fa.ocs.oraclecloud.com/hcmUI/CandidateExperience/en/sites/CX_1/job/13829?utm_source=Simplify&ref=Simplify,6d
Primetals Technologies,Full Stack Developer Intern,"Mississauga, ON, Canada",https://mhicareers.com/job/Mississauga-Full-Stack-Developer-Intern-ON-L4V-1J4/1367354333/?ats=successfactors&utm_source=Simplify&ref=Simplify,6d
The Walt Disney Company,Character TD Intern - Character Simulation,"Burbank, CA",https://disney.wd5.myworkdayjobs.com/disneycareer/job/Burbank-CA-USA/XMLNAME-2026-Character-TD-Summer-Internship---Character-Simulation_10143733?utm_source=Simplify&ref=Simplify,6d
LAXIR,Junior Full-Stack Engineer,LA,https://jobs.smartrecruiters.com/Laxir1/743999834183955?utm_source=Simplify&ref=Simplify,6d
Robert Half,Software Engineer Marketing Web Applications Virtual Internship,"San Ramon, CA",https://roberthalf.wd1.myworkdayjobs.com/roberthalfcareers/job/SAN-RAMON/Software-Engineer-Marketing-Web-Applications-Virtual-Internship_JR-259605?utm_source=Simplify&ref=Simplify,6d
Robert Bosch Venture Capital,Software Engineer,"Plymouth, MI",https://jobs.smartrecruiters.com/BoschGroup/744000110888641?utm_source=Simplify&ref=Simplify,6d
Texas Capital Bank,Technology Intern Program - Summer 2026,"Richardson, TX",https://texascapitalbank.wd12.myworkdayjobs.com/Careers/job/Richardson-TX/Technology-Intern-Program---Summer-2026_JR105015?utm_source=Simplify&ref=Simplify,6d
Bank of Montreal,Junior Developer – Co-op/Internship - Summer 2026 - Weeks,NYC,https://bmo.wd3.myworkdayjobs.com/Privileged/job/New-York-NY-USA/Junior-Developer--Summer-2026---Co-op-Internship----10-Weeks_R260005666?utm_source=Simplify&ref=Simplify,6d
Carnegie Mellon University,DIT Software Engineer Intern,"Arlington, VA",https://cmu.wd5.myworkdayjobs.com/cmu/job/Arlington-VA/DIT-Software-Engineer-Intern_2024183?utm_source=Simplify&ref=Simplify,6d
Relativity,Engineering Intern,Illinois,https://kcura.wd1.myworkdayjobs.com/en-US/External_Career_Site/job/Illinois/Engineering-Intern_26-0092?utm_source=Simplify&ref=Simplify,6d
State Street,Software Engineer - Summer Intern-CRD,"Burlington, MA",https://statestreet.wd1.myworkdayjobs.com/Global/job/Burlington-Massachusetts/Software-Engineer---Summer-Intern--CRD_R-784737?utm_source=Simplify&ref=Simplify,6d
Intapp,Engineering Intern,"Belfast, UK",https://intapp.wd1.myworkdayjobs.com/Intapp/job/Belfast-UK/Engineering-Intern_R2024786-1?utm_source=Simplify&ref=Simplify,6d
Elsevier,Software Engineer Intern - Compass,"6 locations : NYC, Florida, Massachusetts, Georgia, Pennsylvania, North Carolina",https://relx.wd3.myworkdayjobs.com/ElsevierJobs/job/Pennsylvania/Software-Engineer-Intern--Compass-_R109540?utm_source=Simplify&ref=Simplify,6d
Dorsia,Software Engineer Intern,NYC,https://job-boards.greenhouse.io/dorsia/jobs/5059393007?utm_source=Simplify&ref=Simplify,6d
ezCater,Front End Engineering Intern,"Boston, MA",https://job-boards.greenhouse.io/ezcaterinc/jobs/5059458007?utm_source=Simplify&ref=Simplify,6d
🔥 Snowflake,Sales/GTM Apps Developer Intern - Summer 2026,"Menlo Park, CA, Dublin, CA",https://jobs.ashbyhq.com/snowflake/83990726-7d4e-439c-8112-34213173adcc/application?utm_source=Simplify&ref=Simplify,6d
🔥 Snowflake,Ironclad CLM Developer Intern - Summer 2026,"Dublin, CA",https://jobs.ashbyhq.com/snowflake/b07d88f5-753c-4b44-ad77-672b8db46f2e/application?utm_source=Simplify&ref=Simplify,6d
Hearst,Software Engineer Intern,"Tampa, FL",https://eevd.fa.us6.oraclecloud.com/hcmUI/CandidateExperience/en/sites/CX_1/job/2026128?utm_source=Simplify&ref=Simplify,6d
Multiply Labs,Software Intern,SF,https://jobs.lever.co/multiplylabs/8203fbb3-4d42-4f6a-ae64-f05c3dcf0e9b/apply?utm_source=Simplify&ref=Simplify,6d
OCLC,Software Engineer Intern,"Dublin, OH",https://oclc.wd1.myworkdayjobs.com/en-US/OCLC_Careers/job/Dublin-OH--Hybrid/Software-Engineer-Intern_R0003782?utm_source=Simplify&ref=Simplify,7d
OCLC,Software Engineer Summer Intern,"Dublin, OH",https://oclc.wd1.myworkdayjobs.com/en-US/OCLC_Careers/job/Corporate-Office---Dublin/Technical-Intern_R0003780?utm_source=Simplify&ref=Simplify,7d
OCLC,Software Engineer Intern,"Dublin, OH",https://oclc.wd1.myworkdayjobs.com/en-US/OCLC_Careers/job/Dublin-OH--Hybrid/Software-Engineer-Summer-Intern_R0003781?utm_source=Simplify&ref=Simplify,7d
OCLC,Software Engineer Summer Intern,"Dublin, OH",https://oclc.wd1.myworkdayjobs.com/en-US/OCLC_Careers/job/Dublin-OH--Hybrid/Software-Engineer-Summer-Intern_R0003784?utm_source=Simplify&ref=Simplify,7d
OCLC,Software Engineer Intern,"Dublin, OH",https://oclc.wd1.myworkdayjobs.com/en-US/OCLC_Careers/job/Dublin-OH--Hybrid/Software-Engineer-Summer-Intern_R0003783?utm_source=Simplify&ref=Simplify,7d
OCLC,Software Engineer Internship,"Dublin, OH",https://oclc.wd1.myworkdayjobs.com/en-US/OCLC_Careers/job/Corporate-Office---Dublin/Technical-Intern_R0003779-1?utm_source=Simplify&ref=Simplify,7d
Roku,Software Engineer Intern - Full Stack,"Cambridge, UK",https://www.weareroku.com/jobs/7645901?gh_jid=7645901&utm_source=Simplify&ref=Simplify,7d
Waters Corporation,TA Instruments – Software Engineering Intern - Next Generation SW Platform,"New Castle, DE",https://uscareers-waters.icims.com/jobs/25342/job?mobile=true&needsRedirect=false&utm_source=Simplify&ref=Simplify,7d
Sigma Computing,Software Engineering Intern,SF,https://job-boards.greenhouse.io/sigmacomputing/jobs/7639837003?utm_source=Simplify&ref=Simplify,7d
🔥 TikTok,"Software Engineer Project Intern - Video-on-Demand Algorithm - 2026 Start','BS/MS","San Jose, CA",https://lifeattiktok.com/search/7609019984313452805?utm_source=Simplify&ref=Simplify,7d
🔥 TikTok,Backend Software Engineer Project Intern - Creation Platform - BS/MS,"San Jose, CA",https://lifeattiktok.com/search/7609047550392191237?utm_source=Simplify&ref=Simplify,7d
Daifuku,Application Engineering Intern - Revit Exp. a MUST,"Woodridge, IL",https://careers-daifuku-america.icims.com/jobs/21071/job?mobile=true&needsRedirect=false&utm_source=Simplify&ref=Simplify,7d
Roku,Software Engineer Intern - Advanced Development,"Cambridge, UK",https://www.weareroku.com/jobs/7626203?gh_jid=7626203&utm_source=Simplify&ref=Simplify,7d
Hearst,Software Engineer Intern,"Indianapolis, IN",https://eevd.fa.us6.oraclecloud.com/hcmUI/CandidateExperience/en/sites/CX_1/job/2026032?utm_source=Simplify&ref=Simplify,9d
Zoox,AI Applications Development Intern,"San Mateo, CA",https://jobs.lever.co/zoox/9935eecc-fca9-4f72-9ea8-85ebea928967/apply?utm_source=Simplify&ref=Simplify,9d
ConductorOne,Software Engineering Intern,"Portland, OR, SF",https://jobs.ashbyhq.com/conductorone/db5ebd0c-669f-45b9-8709-cf507f9b7b1f/application?utm_source=Simplify&ref=Simplify,9d
Micron Technology,Intern – SSD Engineering,"Longmont, CO",https://micron.wd1.myworkdayjobs.com/External/job/Longmont-CO/Intern---SSD-Engineering_JR91645?utm_source=Simplify&ref=Simplify,9d
Aptiv,Engineering Intern,"Cupertino, CA",https://aptiv.wd5.myworkdayjobs.com/aptiv_careers/job/Cupertino-CA---USA/Engineering-Intern_9819?utm_source=Simplify&ref=Simplify,9d
Fresenius Kabi,Intern – Research & Development,"Andover, MA",https://freseniusglobal.wd3.myworkdayjobs.com/FK_Careers/job/North-Andover-MA/Intern---Research---Development_R-10210620?utm_source=Simplify&ref=Simplify,9d
GE Healthcare,Software Engineering Intern,"Orange, OH",https://gehc.wd5.myworkdayjobs.com/GEHC_ExternalSite/job/OH05-01-Beachwood-Science-Park-Drive/Software-Engineering-Intern_R4036411-1?utm_source=Simplify&ref=Simplify,9d
GE Healthcare,Full-Stack Software Engineering Intern - Commercialized Web Applications,"Orange, OH",https://gehc.wd5.myworkdayjobs.com/GEHC_ExternalSite/job/OH05-01-Beachwood-Science-Park-Drive/Full-Stack-Software-Engineering-Intern---Commercialized-Web-Applications_R4036417-1?utm_source=Simplify&ref=Simplify,9d
GE Healthcare,Software Engineering Intern - MIM Platform,"Orange, OH",https://gehc.wd5.myworkdayjobs.com/GEHC_ExternalSite/job/OH05-01-Beachwood-Science-Park-Drive/Software-Engineering-Intern---MIM-Platform_R4036418-1?utm_source=Simplify&ref=Simplify,9d
ABB,Software Development Intern-Summer 2026,"Fort Smith, AR",https://abb.wd3.myworkdayjobs.com/external_career_page/job/Fort-Smith-Arkansas-United-States-of-America/IS-IT---Intern_JR00018016?utm_source=Simplify&ref=Simplify,9d
Veolia,Integrations Intern,"Paramus, NJ",https://jobs.smartrecruiters.com/VeoliaEnvironnementSA/744000110454003?utm_source=Simplify&ref=Simplify,9d
Veolia,Drupal Developer Intern,"Paramus, NJ",https://jobs.smartrecruiters.com/VeoliaEnvironnementSA/744000110458756?utm_source=Simplify&ref=Simplify,9d
Akamai Technologies,Intern Web Developer - Cloud Technology,United States,https://fa-extu-saasfaprod1.fa.ocs.oraclecloud.com/hcmUI/CandidateExperience/en/sites/CX_1/job/2539?utm_source=Simplify&ref=Simplify,9d
EaglePicher Technologies,Intern Product Engineer,"Joplin, MO",https://careers-eaglepicher.icims.com/jobs/3039/job?mobile=true&needsRedirect=false&utm_source=Simplify&ref=Simplify,9d
Emory University,Apphatchery Intern 🎓,"Atlanta, GA",https://staff-emory.icims.com/jobs/160910/job?mobile=true&needsRedirect=false&utm_source=Simplify&ref=Simplify,9d
Roku,Software Engineer Intern - Platform Quality,"Cambridge, UK",https://www.weareroku.com/jobs/7641189?gh_jid=7641189&utm_source=Simplify&ref=Simplify,10d
Roku,Software Engineer Intern - Java,"Manchester, UK",https://www.weareroku.com/jobs/7641048?gh_jid=7641048&utm_source=Simplify&ref=Simplify,10d
Scopely,Software Engineer Intern - Pokemon GO,"Bellevue, WA, SF",https://job-boards.greenhouse.io/scopely/jobs/5126724008?utm_source=Simplify&ref=Simplify,10d
Parsons,Space Ops Software Engineer Intern,"Colorado Springs, CO",https://parsons.wd5.myworkdayjobs.com/en-US/search/job/US---CO-Colorado-Springs/Space-Ops-Software-Engineer-Intern--Summer-2026-_R177746-1?utm_source=Simplify&ref=Simplify,10d
Codeage,Web Developer Intern - Wordpress and Woocommerce,"Culver City, CA",https://jobs.smartrecruiters.com/Codeage/743999669081604?utm_source=Simplify&ref=Simplify,10d
Critical Mass,Development Intern,"London, UK",https://job-boards.greenhouse.io/criticalmass/jobs/7592488?utm_source=Simplify&ref=Simplify,10d
Critical Mass,Development Intern,"Toronto, ON, Canada",https://job-boards.greenhouse.io/criticalmass/jobs/7592492?utm_source=Simplify&ref=Simplify,10d
Cadence Design Systems,Product Engineer Intern,"Austin, TX",https://cadence.wd1.myworkdayjobs.com/External_Careers/job/AUSTIN/Product-Engineer-Intern_R53361-1?utm_source=Simplify&ref=Simplify,10d
Cadence Design Systems,Product Engineer Intern,"Austin, TX",https://cadence.wd1.myworkdayjobs.com/Univ_Careers/job/AUSTIN/Product-Engineer-Intern_R53361?utm_source=Simplify&ref=Simplify,10d
T-Mobile,Summer 2026 Associate Engineer Internship,"Atlanta, GA",https://tmobile.wd1.myworkdayjobs.com/External/job/Atlanta-Georgia/Summer-2026-Associate-Engineer-Internship_REQ342246?utm_source=Simplify&ref=Simplify,10d
T-Mobile,Summer 2026 Associate Engineer Internship,"Atlanta, GA",https://tmobile.wd1.myworkdayjobs.com/External/job/Atlanta-Georgia/Summer-2026-Associate-Engineer-Internship_REQ342533?utm_source=Simplify&ref=Simplify,10d
T-Mobile,Summer 2026 Associate Engineer Internship,"Atlanta, GA",https://tmobile.wd1.myworkdayjobs.com/External/job/Atlanta-Georgia/Summer-2026-Associate-Engineer-Internship_REQ342538?utm_source=Simplify&ref=Simplify,10d
T-Mobile,Associate Engineer Intern,"Bothell, WA",https://tmobile.wd1.myworkdayjobs.com/External/job/Bothell-Washington/Summer-2026-Associate-Engineer-Internship_REQ342321?utm_source=Simplify&ref=Simplify,10d
IXL Learning,Software Engineer – Intern,"San Mateo, CA",https://www.ixl.com/company/jobs?gh_jid=8430295002&utm_source=Simplify&ref=Simplify,10d
IXL Learning,Software Engineer Intern,"Raleigh, NC",https://www.ixl.com/company/jobs?gh_jid=8430300002&utm_source=Simplify&ref=Simplify,10d
Fresenius Kabi,Intern - Device Software & Systems Engineering,"Andover, MA",https://freseniusglobal.wd3.myworkdayjobs.com/FK_Careers/job/North-Andover-MA/Intern-Device-Software---Systems-Engineering_R-10210605?utm_source=Simplify&ref=Simplify,10d
Schonfeld,2026 Quantitative Developer Execution Services Sophomore Summer Internship,NYC,https://job-boards.greenhouse.io/schonfeld/jobs/7610709?utm_source=Simplify&ref=Simplify,10d
Critical Mass,Development Intern,"Calgary, AB, Canada",https://job-boards.greenhouse.io/criticalmass/jobs/7592485?utm_source=Simplify&ref=Simplify,10d
SWBC,Software Development Intern,"San Antonio, TX",https://swbc.wd1.myworkdayjobs.com/swbccareers/job/San-Antonio-TX/Software-Development-Intern_R0014488-2?utm_source=Simplify&ref=Simplify,10d
ACLU Kentucky,Undergraduate Intern - Technology and Analytics Department-Educate Pod,NYC,https://job-boards.greenhouse.io/acluinternships/jobs/8425459002?utm_source=Simplify&ref=Simplify,10d
Veolia,Integration Engineer Intern,"Milwaukee, WI",https://jobs.smartrecruiters.com/VeoliaEnvironnementSA/744000110241236?utm_source=Simplify&ref=Simplify,10d
Akamai Technologies,Intern Software Engineer - Cloud Technology Architecture,Remote in USA,https://fa-extu-saasfaprod1.fa.ocs.oraclecloud.com/hcmUI/CandidateExperience/en/sites/CX_1/job/2536?utm_source=Simplify&ref=Simplify,10d
Akamai Technologies,Intern Software Engineer,Remote in USA,https://fa-extu-saasfaprod1.fa.ocs.oraclecloud.com/hcmUI/CandidateExperience/en/sites/CX_1/job/2514?utm_source=Simplify&ref=Simplify,10d
Hunt Oil Company,Software Engineer Intern - Summer 2026,"Dallas, TX",https://fa-eqcd-saasfaprod1.fa.ocs.oraclecloud.com/hcmUI/CandidateExperience/en/sites/CX_1/job/891?utm_source=Simplify&ref=Simplify,10d
Flowserve,Application Engineer Co-op,"South Houston, TX",https://flowserve.wd1.myworkdayjobs.com/applied/job/Pasadena-Texas-US/On-Site-Application-Engineer-COOP_R-17948?utm_source=Simplify&ref=Simplify,10d
Steel Dynamics,Software Engineer Intern,"Corpus Christi, TX",https://careers-steeldynamics.icims.com/jobs/7087/job?mobile=true&needsRedirect=false&utm_source=Simplify&ref=Simplify,10d
UiPath,Automation Developer Intern,NYC,https://jobs.ashbyhq.com/uipath/f20f998f-c3af-4ec3-a755-3edffa82c3c7/application?utm_source=Simplify&ref=Simplify,10d
T-Mobile,Summer 2026 Associate Engineer Internship,"Atlanta, GA",https://tmobile.wd1.myworkdayjobs.com/External/job/Atlanta-Georgia/Summer-2026-Associate-Engineer-Internship_REQ342669?utm_source=Simplify&ref=Simplify,11d
Barkback,Software Intern,"Santa Barbara, CA",https://jobs.smartrecruiters.com/barkbackLlc/90864007?utm_source=Simplify&ref=Simplify,11d
BlinqLABS,Java Web Development Intern,"Southfield, MI",https://jobs.smartrecruiters.com/Blinqlabs/743999734120603?utm_source=Simplify&ref=Simplify,11d
Blue Origin,Associate Engineering Intern,Washington,https://blueorigin.wd5.myworkdayjobs.com/blueorigin/job/Greater-Seattle-Area/Associate-Engineering-Intern--Summer-2026-_R60894?utm_source=Simplify&ref=Simplify,11d
Sila Nanotechnologies,Software Intern - AI & Battery Informatics,"Alameda, CA",https://job-boards.greenhouse.io/silananotechnologies/jobs/7624654?utm_source=Simplify&ref=Simplify,11d
T-Mobile,Summer 2026 Associate Engineer Internship,"Atlanta, GA",https://tmobile.wd1.myworkdayjobs.com/External/job/Atlanta-Georgia/Summer-2026-Associate-Engineer-Internship_REQ342259?utm_source=Simplify&ref=Simplify,11d
QuidelOrtho,Emerging Technology Intern,"San Diego, CA",https://orthoclinical.wd1.myworkdayjobs.com/Search/job/US---CA---San-Diego---Summers-Ridge/Emerging-Technology-Intern_R0016317?utm_source=Simplify&ref=Simplify,11d
T-Mobile,Associate Engineer Intern,"Frisco, TX",https://tmobile.wd1.myworkdayjobs.com/External/job/Frisco-Texas/Summer-2026-Associate-Engineer-Internship_REQ342281?utm_source=Simplify&ref=Simplify,11d
T-Mobile,Associate Engineer Intern,"Bellevue, WA",https://tmobile.wd1.myworkdayjobs.com/External/job/Bellevue-Washington/Summer-2026-Associate-Engineer-Internship_REQ342273?utm_source=Simplify&ref=Simplify,11d
First American,Software Engineering Intern,"Orange, CA",https://firstam.wd1.myworkdayjobs.com/firstamericancareers/job/USA-California-Santa-Ana/Software-Engineering-Intern---REMOTE_R054629?utm_source=Simplify&ref=Simplify,11d
Pitney Bowes,Software Engineering Intern,"Shelton, CT",https://pitneybowes.wd1.myworkdayjobs.com/pbcareers/job/US-CT-Shelton/Software-Engineering-Intern_R21292?utm_source=Simplify&ref=Simplify,11d
Robert Half,Software Engineer Virtual Intern,"San Ramon, CA",https://roberthalf.wd1.myworkdayjobs.com/roberthalfcareers/job/SAN-RAMON/Software-Engineer-Virtual-Internship_JR-259598?utm_source=Simplify&ref=Simplify,11d
Seaspan,CAD Systems,"Vancouver, BC, Canada",https://hckz.fa.us2.oraclecloud.com/hcmUI/CandidateExperience/en/sites/CX_1/job/8408?utm_source=Simplify&ref=Simplify,11d
Rivian,Software Engineering Intern - Digital Manufacturing Automation,Illinois,https://careers.rivian.com/jobs/29111?lang=en-us&icims=1&utm_source=Simplify&ref=Simplify,11d
🔥 Amazon,Software Development Engineer Apprentice - Month Fixed Term Contract,"Swansea, UK",https://amazon.jobs/en/jobs/3174943/software-development-engineer-apprentice-42-month-fixed-term-contract?utm_source=Simplify&ref=Simplify,12d
Keysight Technologies,Software Development Intern,"Fleet, UK",https://jobs.keysight.com/jobs/51347?lang=en-us&icims=1&utm_source=Simplify&ref=Simplify,12d
X Development,PhD Residency - Multiple Teams 🎓,"Mountain View, CA",https://x.company/careers/8328378002?gh_jid=8328378002&utm_source=Simplify&ref=Simplify,12d
EquipmentShare,Software Engineer Intern,"Columbia, MO",https://www.equipmentshare.com/careers/openings/?gh_jid=7622007&utm_source=Simplify&ref=Simplify,12d
EquipmentShare,Software Engineer Intern,"Columbia, MO",https://www.equipmentshare.com/careers/openings/?gh_jid=7600005&utm_source=Simplify&ref=Simplify,12d
KSM,Innovation Software Engineering Intern - Summer 2026,"Indianapolis, IN",https://ksmcpa.wd12.myworkdayjobs.com/ksmcareers/job/Indianapolis/Innovation---Software-Engineering-Intern--Summer-2026-_R-100344?utm_source=Simplify&ref=Simplify,12d
Cisco,Software Developer – Intern - I - Canada,"Ottawa, ON, Canada",https://careers.cisco.com/global/en/job/2009553?utm_source=Simplify&ref=Simplify,12d
Bree,Software Engineer – Backend Co-op,"Toronto, ON, Canada",http://jobs.ashbyhq.com/bree/0459eb9c-1f1a-4434-a941-a486a077d804/application?utm_source=Simplify&ref=Simplify,12d
Bree,Software Engineer – Product / Mobile / Full-Stack Co-op,"Toronto, ON, Canada",http://jobs.ashbyhq.com/bree/d7622c53-c0ed-442f-a39d-22b3dd4615bf/application?utm_source=Simplify&ref=Simplify,12d
Genuine Parts Company,Web Developer Intern,"Birmingham, AL",https://genpt.wd1.myworkdayjobs.com/Careers/job/Birmingham-AL-USA/Web-Developer-Intern_R26_0000005457?utm_source=Simplify&ref=Simplify,12d
KBR,National Security Solutions – Internship – Intel DE/Mbse Intern - Nss,"King of Prussia, PA",https://kbr.wd5.myworkdayjobs.com/KBR_Careers/job/King-of-Prussia-Pennsylvania/National-Security-Solutions--NSS--Internship---INTEL-DE-MBSE-Intern_R2119128?utm_source=Simplify&ref=Simplify,13d
S&P Global,Ratings-Software Engineer Intern,"London, UK",https://spgi.wd5.myworkdayjobs.com/en-US/SPGI_Careers/job/London-UK/Ratings--Software-Engineer-Intern--Early-Careers-_326037-1?utm_source=Simplify&ref=Simplify,13d
Bree,Co-op & Intern Program - All Roles,"Toronto, ON, Canada",http://jobs.ashbyhq.com/bree/4b995914-d2e4-45f7-ab60-f0a9303ca52c/application?utm_source=Simplify&ref=Simplify,13d
SWBC,Application Development Intern,"San Antonio, TX",https://swbc.wd1.myworkdayjobs.com/swbccareers/job/San-Antonio-TX/Application-Development-Intern_R0014460-1?utm_source=Simplify&ref=Simplify,13d
General Dynamics Mission Systems,Software Engineer Intern,"Scottsdale, AZ, San Antonio, TX",https://careers-gdms.icims.com/jobs/70825/job?mobile=true&needsRedirect=false&utm_source=Simplify&ref=Simplify,13d
CAE,Integration Specialist Intern/Co-op,"Tampa, FL",https://cae.wd3.myworkdayjobs.com/career/job/Tampa/Integration-Specialist-Co-Op_120482?utm_source=Simplify&ref=Simplify,13d
TensorWave,Software Intern,"Las Vegas, NV",https://jobs.ashbyhq.com/tensorwave/daa3655f-70c4-4f0e-8c0b-53c22c108e93/application?utm_source=Simplify&ref=Simplify,13d
Deluxe,Internship - Technology & Computer Science - Fort Worth,"Fort Worth, TX",https://deluxe.wd5.myworkdayjobs.com/en-US/USA_CAN/job/Fort-Worth-TX-USA-100-Throckmorton-St/Internship---Technology---Computer-Science---Fort-Worth_260196WD?utm_source=Simplify&ref=Simplify,13d
Deluxe,Internship - Technology & Computer Science - Atlanta,"Atlanta, GA",https://deluxe.wd5.myworkdayjobs.com/en-US/USA_CAN/job/Atlanta-GA-USA/Internship---Technology---Computer-Science---Atlanta_260195WD?utm_source=Simplify&ref=Simplify,13d
Deluxe,Internship - Technology & Computer Science - Minneapolis,"Minneapolis, MN",https://deluxe.wd5.myworkdayjobs.com/en-US/USA_CAN/job/Minneapolis-MN-USA/Internship---Technology---Computer-Science---Minneapolis_260197WD?utm_source=Simplify&ref=Simplify,13d
Waters Corporation,Intern Software Developer,"Franklin, MA",https://uscareers-waters.icims.com/jobs/25456/job?mobile=true&needsRedirect=false&utm_source=Simplify&ref=Simplify,14d
Woven,Software Engineer Intern - ML Platform,"Ann Arbor, MI",https://jobs.lever.co/woven-by-toyota/b6bb0a14-829c-45d6-b64d-7ddaeb1851b3/apply?utm_source=Simplify&ref=Simplify,15d
SMX,Intern-Software Engineer,"Broomfield, CO",https://www.smxtech.com/careers/?gh_jid=7611490003&utm_source=Simplify&ref=Simplify,16d
SMX,Summer Internship-AI/ML - Broomfield CO,"Broomfield, CO",https://www.smxtech.com/careers/?gh_jid=7611533003&utm_source=Simplify&ref=Simplify,16d
Gelber Group,Technical Operations Intern,"Chicago, IL",https://job-boards.greenhouse.io/gelberhandshake/jobs/4652889006?utm_source=Simplify&ref=Simplify,16d
LaunchDarkly,Fullstack Software Engineer Intern,"Oakland, CA",https://job-boards.greenhouse.io/launchdarkly/jobs/7632240003?utm_source=Simplify&ref=Simplify,16d
Strata Decision Technology,Intern Software Engineer - Reimbursement Intelligence,"Chicago, IL, St. Louis, MO",https://job-boards.greenhouse.io/stratacareers/jobs/7572710003?utm_source=Simplify&ref=Simplify,16d
GE Vernova,GE Vernova Engineering Intern - Summer/Fall 2026,"Rochester, NY",https://gevernova.wd5.myworkdayjobs.com/only_confidential_executive_recruiting/job/Rochester/GE-Vernova-Engineering-Intern---Summer-Fall-2026_R5032378-1?utm_source=Simplify&ref=Simplify,16d
GE Vernova,GE Vernova Engineering Intern - Summer/Fall 2026,"Rochester, NY",https://gevernova.wd5.myworkdayjobs.com/vernova_externalsite/job/Rochester/GE-Vernova-Engineering-Intern---Summer-Fall-2026_R5032378-2?utm_source=Simplify&ref=Simplify,16d
Parsons,Space Ops Software Engineer Intern,"Colorado Springs, CO",https://parsons.wd5.myworkdayjobs.com/en-US/search/job/US---CO-Colorado-Springs/Space-Ops-Software-Engineer-Intern--Summer-2026-_R177541-1?utm_source=Simplify&ref=Simplify,16d
Infleqtion,Summer 2026 Quantum Software Internship – Undergraduate/Graduate,"Chicago, IL",https://apply.workable.com/coldquanta/j/32919D6F52/apply?utm_source=Simplify&ref=Simplify,16d
Westinghouse Electric Company,Software Development Intern Summer 2026,"Cranberry Twp, PA",https://careers.westinghousenuclear.com/job/Warrendale-Software-Development-Intern-Summer-2026-OR/1364828400/?ats=successfactors&utm_source=Simplify&ref=Simplify,16d
Field AI,Phoenix Field Application Engineer-Intern - Part-time,"Phoenix, AZ",https://jobs.lever.co/field-ai/348cab05-648c-4ba0-a102-e53378b50882/apply?utm_source=Simplify&ref=Simplify,16d
Keysight Technologies,R&D Software Engineer,"Cambridge, MA",https://jobs.keysight.com/jobs/51683?lang=en-us&icims=1&utm_source=Simplify&ref=Simplify,16d
Cadence Design Systems,SVG Software Intern - Summer 2026 🎓,"San Jose, CA",https://cadence.wd1.myworkdayjobs.com/University_Talent_Intern/job/SAN-JOSE/SVG-Software-Intern--Summer-2026-_R52663?utm_source=Simplify&ref=Simplify,17d
Cadence Design Systems,SVG Software Intern 🎓,"San Jose, CA",https://cadence.wd1.myworkdayjobs.com/University_Talent/job/SAN-JOSE/SVG-Software-Intern--Summer-2026-_R52663-1?utm_source=Simplify&ref=Simplify,17d
Cadence Design Systems,SVG Software Intern - Summer 2026,"Burlington, MA",https://cadence.wd1.myworkdayjobs.com/University_Talent_Intern/job/Burlington-MA/SVG-Software-Intern--Summer-2026-_R52517?utm_source=Simplify&ref=Simplify,17d
Cadence Design Systems,SVG Software Intern - Summer 2026,"Burlington, MA",https://cadence.wd1.myworkdayjobs.com/University_Talent/job/Burlington-MA/SVG-Software-Intern--Summer-2026-_R52517-1?utm_source=Simplify&ref=Simplify,17d
Medra,Full Stack Software Engineer,SF,https://jobs.ashbyhq.com/medraai/993dc7fe-31f8-41d4-9de5-5c37ce6a4466/application?utm_source=Simplify&ref=Simplify,17d
Mercor,Software Engineer Intern,SF,https://jobs.ashbyhq.com/mercor/de3025e5-10ca-4d55-b688-eff0e647ac8d/application?utm_source=Simplify&ref=Simplify,17d
🔥 ByteDance,Software Engineer Intern - AI Infrastructure 🎓,"San Jose, CA",https://jobs.bytedance.com/en/position/7595756835349973253/detail?utm_source=Simplify&ref=Simplify,17d
Kaiser Permanente,Applications BachelorIntern,"Pleasanton, CA",https://kp.taleo.net/careersection/external/jobdetail.ftl?job=1408200&utm_source=Simplify&ref=Simplify,17d
Cadence Design Systems,Software Intern 🎓,"Austin, TX",https://cadence.wd1.myworkdayjobs.com/External_Careers/job/AUSTIN/Software-Intern_R53231-1?utm_source=Simplify&ref=Simplify,17d
Cadence Design Systems,Software Intern 🎓,"Austin, TX",https://cadence.wd1.myworkdayjobs.com/Univ_Careers/job/AUSTIN/Software-Intern_R53231?utm_source=Simplify&ref=Simplify,17d
Bose,Mobile Software Engineer Co-op,"Framingham, MA",https://boseallaboutme.wd503.myworkdayjobs.com/Bose_Careers/job/US-MA---Framingham/Mobile-Software-Engineer-Co-op_R28712-1?utm_source=Simplify&ref=Simplify,17d
Perseus Group,Software Developer Intern,"Markham, ON, Canada",https://talentmanagementsolution.wd3.myworkdayjobs.com/en-US/perseus-careers/job/Markham-Ontario---CAN/Software-Developer-Intern_R49472?utm_source=Simplify&ref=Simplify,17d
CAE,Graphics Software Engineer Co-op,"Arlington, TX",https://cae.wd3.myworkdayjobs.com/career/job/Arlington-TX/Graphics-Software-Engineer-Co-op_120470?utm_source=Simplify&ref=Simplify,17d
Resmed,Software Engineer Intern,"Atlanta, GA",https://resmed.wd3.myworkdayjobs.com/en-US/ResMed_External_Careers/job/Atlanta-GA-United-States/Software-Engineer-Intern_JR_047982?utm_source=Simplify&ref=Simplify,17d
Resmed,Software Engineer Intern,"San Diego, CA",https://resmed.wd3.myworkdayjobs.com/en-US/ResMed_External_Careers/job/San-Diego-CA-United-States/Software-Engineer-Intern_JR_048216?utm_source=Simplify&ref=Simplify,17d
Integrity,Marketing & Media Process Intern,"Morrisville, NC",https://integritymarketing.wd1.myworkdayjobs.com/en-US/Integrity/job/Cary-NC/Marketing---Media-Process-Intern_JR3649?utm_source=Simplify&ref=Simplify,17d
Stanley Black & Decker,Engineering Intern - Digital & Connected,"New Britain, CT",https://sbdinc.wd1.myworkdayjobs.com/en-US/Stanley_Black_Decker_Career_Site/job/New-Britain-CT-United-States/Engineering-Intern--Digital---Connected---Summer-2026_REQ-1000045481?utm_source=Simplify&ref=Simplify,17d
Robert Half,Software Engineer Virtual Intern,"San Ramon, CA",https://roberthalf.wd1.myworkdayjobs.com/roberthalfcareers/job/SAN-RAMON/Software-Engineer-Virtual-Internship_JR-259561?utm_source=Simplify&ref=Simplify,17d
Fanatics,Collectibles - Software Engineer,"NYC, LA, Coppell, TX",https://fa-exki-saasfaprod1.fa.ocs.oraclecloud.com/hcmUI/CandidateExperience/en/sites/CX_1/job/26727?utm_source=Simplify&ref=Simplify,17d
Epicor,Intern Product Developer,"Delanco, NJ",https://epicorsoftware.wd5.myworkdayjobs.com/epicorjobs/job/US-Bensalem/Intern---Product-Developer_JR104108?utm_source=Simplify&ref=Simplify,17d
Cadence Design Systems,Software Intern 🎓,"Austin, TX",https://cadence.wd1.myworkdayjobs.com/External_Careers/job/AUSTIN/Software-Intern_R53210-1?utm_source=Simplify&ref=Simplify,18d
Cadence Design Systems,Software Intern 🎓,"Austin, TX",https://cadence.wd1.myworkdayjobs.com/Univ_Careers/job/AUSTIN/Software-Intern_R53210?utm_source=Simplify&ref=Simplify,18d
Ensemble Health Partners,Engineering Intern,"Sharonville, OH",https://ensemblehp.wd5.myworkdayjobs.com/ensemblehealthpartnerscareers/job/Engineering-Intern_R041252?utm_source=Simplify&ref=Simplify,18d
Spot & Tango,Software Engineer Intern,NYC,http://www.spotandtango.com/careers?gh_jid=4660329005&utm_source=Simplify&ref=Simplify,18d
Copart,Software Engineer Intern,"Dallas, TX",https://copart.wd12.myworkdayjobs.com/copart/job/Dallas-TX---Headquarters/Software-Engineering-Intern_JR106971?utm_source=Simplify&ref=Simplify,18d
CACI,Software Engineering Intern - Summer 2026,"San Antonio, TX",https://caci.wd1.myworkdayjobs.com/external/job/US-TX-San-Antonio/Software-Engineering-Intern---Summer-2026_322038?utm_source=Simplify&ref=Simplify,18d
Root Access,Software Engineer Intern,NYC,https://jobs.ashbyhq.com/root-access/174d4e84-1a11-48dd-800f-d6663ea30450/application?utm_source=Simplify&ref=Simplify,18d
Zebra Technologies,Intern,"Mississauga, ON, Canada",https://zebra.eightfold.ai/careers/job/343637104715?utm_source=Simplify&ref=Simplify,18d
ASSA ABLOY,Mobile Developer Intern,"Lake Forest, CA",https://assaabloy.jobs2web.com/job/Lake-Forest-Mobile-Developer-Intern-CA-92610/1293009401/?ats=successfactors&utm_source=Simplify&ref=Simplify,18d
General Dynamics Mission Systems,Software Engineer Intern,"Orlando, FL",https://careers-gdms.icims.com/jobs/70853/job?mobile=true&needsRedirect=false&utm_source=Simplify&ref=Simplify,18d
🔥 Amazon,Software Development Engineer Intern - Military Veteran,"11 locations : NYC, Culver City, CA, Santa Clara, CA, Boston, MA, Seattle, WA, Denver, CO, SF, Arlington, VA, Sunnyvale, CA, Brooklyn, NY, Williston Park, NY",https://amazon.jobs/en/jobs/3179209/software-development-engineer-internship-military-veteran?utm_source=Simplify&ref=Simplify,18d
Texas Instruments,Product Engineering Intern,"Abbotsford, WI",https://ebgj.fa.us2.oraclecloud.com/hcmUI/CandidateExperience/en/sites/CX_1/job/250023?utm_source=Simplify&ref=Simplify,18d
Washpost,Summer Intern - Advertising Engineering,"Washington, DC",https://washpost.wd5.myworkdayjobs.com/washingtonpostcareers/job/NY-New-York-TWP/Summer-Intern---Advertising-Engineering_JR-90275669?utm_source=Simplify&ref=Simplify,18d
Jabil,Programmer Analyst Intern,"St. Petersburg, FL",https://jabil.wd5.myworkdayjobs.com/Jabil_Careers/job/St-PetersburgTampa-FL/Programmer-Analyst-Intern_J2437601?utm_source=Simplify&ref=Simplify,19d
Fresenius Medical Care,R&D Engineering Co-op - Human Factors/Usability Engineering,"Andover, MA",https://freseniusmedicalcare.wd3.myworkdayjobs.com/fme/job/Lawrence-MA-USA/R-D-Engineering-Co-op--Human-Factors-Usability-Engineering_R0239277?utm_source=Simplify&ref=Simplify,19d
UiPath,Software Engineer Intern,"London, UK",https://jobs.ashbyhq.com/uipath/e8cca344-7eeb-442b-8fb3-a8dfb9e22ad0/application?utm_source=Simplify&ref=Simplify,19d
Akima,STEM Summer Internship - Software Engineer,"Huntsville, AL",https://careers.akima.com/jobs/21524?lang=en-us&icims=1&utm_source=Simplify&ref=Simplify,19d
Giga AI,Software Engineer Intern,SF,https://jobs.ashbyhq.com/gigaml/aa903645-854f-4404-9d49-8a96f0dcc2cc/application?utm_source=Simplify&ref=Simplify,19d
Applied Materials,Unity 3D Developer Software Engineer,"Austin, TX",https://amat.wd1.myworkdayjobs.com/External/job/AustinTX/Summer-2026-Unity-3D-Developer-Software-Engineering-Intern--Bachelor-s--Austin--TX-_R2612485?utm_source=Simplify&ref=Simplify,19d
Applied Materials,Software Engineer 1 - Austin - TX,"Austin, TX",https://amat.wd1.myworkdayjobs.com/External/job/AustinTX/XMLNAME-2026-Summer-Software-Engineer-Intern--Bachelor-s--Austin--TX-_R2612739?utm_source=Simplify&ref=Simplify,19d
CAE,Integration Specialist Intern/Co-op,"Tampa, FL",https://cae.wd3.myworkdayjobs.com/career/job/Tampa/Integration-Specialist-Co-Op_120462?utm_source=Simplify&ref=Simplify,19d
Copart,Software Engineer Intern,"Dallas, TX",https://copart.wd12.myworkdayjobs.com/copart/job/Dallas-TX---Headquarters/Software-Engineering-Intern_JR106984?utm_source=Simplify&ref=Simplify,19d
Copart,Software Engineering Intern,"Dallas, TX",https://copart.wd12.myworkdayjobs.com/copart/job/Dallas-TX---Headquarters/Software-Engineering-Intern_JR106983?utm_source=Simplify&ref=Simplify,19d
Handshake,Software Engineer Intern,SF,https://jobs.ashbyhq.com/handshake/25b3e69c-0a49-40db-9184-832a1e6fcf1a/application?utm_source=Simplify&ref=Simplify,19d
Exa Labs,Software Engineer Intern,SF,https://jobs.ashbyhq.com/exa/a9e01521-66f1-481b-89da-ec01d4620f16/application?utm_source=Simplify&ref=Simplify,20d
Intuitive Surgical,Software Engineer Intern 🎓,"Sunnyvale, CA",https://jobs.smartrecruiters.com/Intuitive/744000108384376?utm_source=Simplify&ref=Simplify,20d
HeartFlow,Software Engineer Intern - ML Ops / Compute Migration,SF,https://job-boards.greenhouse.io/heartflowinc/jobs/5798443004?utm_source=Simplify&ref=Simplify,20d
Ditto AI,Software Engineer Intern,"Berkeley, CA",https://jobs.ashbyhq.com/dittoai/f4cbce81-94bf-44cb-a2fc-4dcd001175e1/application?utm_source=Simplify&ref=Simplify,20d
Cadence Design Systems,Software Intern - Synthesis 🎓,"San Jose, CA",https://cadence.wd1.myworkdayjobs.com/External_Careers/job/SAN-JOSE/Software-Intern---Synthesis-_R51277-1?utm_source=Simplify&ref=Simplify,20d
CAE,Interoperability Intern/Co-op,"Arlington, TX",https://cae.wd3.myworkdayjobs.com/career/job/Arlington-TX/Interoperability-Co-op_120407?utm_source=Simplify&ref=Simplify,20d
Resmed,Software Engineering,"San Diego, CA",https://resmed.wd3.myworkdayjobs.com/en-US/ResMed_External_Careers/job/San-Diego-CA-United-States/Software-Engineering-Intern_JR_047854?utm_source=Simplify&ref=Simplify,20d
Resmed,Software Engineer Intern,"San Diego, CA",https://resmed.wd3.myworkdayjobs.com/en-US/ResMed_External_Careers/job/San-Diego-CA-United-States/Software-Engineer-Intern_JR_047747?utm_source=Simplify&ref=Simplify,20d
Twilio,Software Engineer Intern - Canada,Remote in Canada,https://job-boards.greenhouse.io/twilio/jobs/7560248?utm_source=Simplify&ref=Simplify,20d
Twilio,Software Engineer Intern - United States,Remote in USA,https://job-boards.greenhouse.io/twilio/jobs/7560246?utm_source=Simplify&ref=Simplify,20d
Polk County,Application Development,"Bartow, FL",https://fa-eqpz-saasfaprod1.fa.ocs.oraclecloud.com/hcmUI/CandidateExperience/en/sites/CX_1/job/1781?utm_source=Simplify&ref=Simplify,20d
Perchwell,Software Engineering Intern,NYC,https://jobs.ashbyhq.com/Perchwell/6641ec1a-ebf5-4554-b5f4-6c998e57f37e/application?utm_source=Simplify&ref=Simplify,20d
Hunt Oil Company,SAP BTP Application Developer Intern - Summer 2026,"Dallas, TX",https://fa-eqcd-saasfaprod1.fa.ocs.oraclecloud.com/hcmUI/CandidateExperience/en/sites/CX_1/job/886?utm_source=Simplify&ref=Simplify,20d
Delinea,Software Engineering Intern,"Lehi, UT",https://jobs.ashbyhq.com/delinea/3eed48b7-b60c-4c50-adc2-4523337e1592/application?utm_source=Simplify&ref=Simplify,21d
Resmed,Software Engineer Intern,"Halifax Regional Municipality, NS, Canada",https://resmed.wd3.myworkdayjobs.com/en-US/ResMed_External_Careers/job/Halifax-Canada/Software-Engineer-Intern_JR_047978?utm_source=Simplify&ref=Simplify,23d
🔥 TikTok,Security Software Engineer Project Intern - Product Security - 2026 Start,"San Jose, CA",https://lifeattiktok.com/search/7600536394771564853?utm_source=Simplify&ref=Simplify,23d
🔥 ByteDance,Software Engineer Project Intern - Security Engineering,"San Jose, CA",https://jobs.bytedance.com/en/position/7600176309125466373/detail?utm_source=Simplify&ref=Simplify,23d
Etched.ai,Supercomputing Intern,"San Jose, CA",https://jobs.ashbyhq.com/Etched/982a8ee4-5e1e-43c7-a918-6dac285cdddd/application?utm_source=Simplify&ref=Simplify,23d
Etched.ai,Core Software Engineer Intern,"San Jose, CA",https://jobs.ashbyhq.com/Etched/47e6dec8-2ca6-4359-8cff-0b91bcbf48ea/application?utm_source=Simplify&ref=Simplify,23d
Voyager Technologies,Voyager Intern - Software Engineering,"El Segundo, CA",https://job-boards.greenhouse.io/voyagertechnologiesinc/jobs/4117433009?utm_source=Simplify&ref=Simplify,23d
Impinj,SaaS and IoT Software Engineering Intern,"Seattle, WA",https://job-boards.greenhouse.io/impinjexternal/jobs/4656132005?utm_source=Simplify&ref=Simplify,23d
Ciena,Software Design Intern - May 2026 - Months,"Ottawa, ON, Canada",https://ciena.wd5.myworkdayjobs.com/Careers/job/Ottawa/Software-Design-Intern--May-2026---12-Months-_R030074?utm_source=Simplify&ref=Simplify,23d
OPENLANE,Intern - Mobile Apps Engineer,"Mesa, AZ",https://kar.wd1.myworkdayjobs.com/OPENLANE_Careers/job/US---AZ---Mesa-Mesa/Intern--Mobile-Apps-Engineer_R-253601?utm_source=Simplify&ref=Simplify,23d
Kaiser Permanente,Web Applications Bachelor%27s Intern,"Pleasanton, CA",https://kp.taleo.net/careersection/external/jobdetail.ftl?job=1406372&utm_source=Simplify&ref=Simplify,23d
Emerson Electric,Software Engineering Intern - Applied AI,"Austin, TX",https://hdjq.fa.us2.oraclecloud.com/hcmUI/CandidateExperience/en/sites/CX_1/job/26001603?utm_source=Simplify&ref=Simplify,23d
Samsung Research America,Intern 🎓,"Mountain View, CA",https://job-boards.greenhouse.io/samsungresearchamericainternship/jobs/8408869002?utm_source=Simplify&ref=Simplify,23d
Autodesk,Intern Software Engineer - C++/.Net - Months,"Sheffield, UK",https://autodesk.wd1.myworkdayjobs.com/Ext/job/Sheffield-GBP/Intern--Software-Engineer--C---NET----12-months_26WD95016-2?utm_source=Simplify&ref=Simplify,24d
Autodesk,Intern Software Engineer - C++/.Net - Months,"Sheffield, UK",https://autodesk.wd1.myworkdayjobs.com/uni/job/Sheffield-GBP/Intern--Software-Engineer--C---NET----12-months_26WD95016-1?utm_source=Simplify&ref=Simplify,24d
🔥 Oracle,PhD Software Engineer Intern - Database Technologies 🎓,"San Carlos, CA",https://eeho.fa.us2.oraclecloud.com/hcmUI/CandidateExperience/en/sites/CX_45001/job/325817?utm_source=Simplify&ref=Simplify,24d
Resmed,AI Engineer Intern,"San Diego, CA",https://resmed.wd3.myworkdayjobs.com/en-US/ResMed_External_Careers/job/San-Diego-CA-United-States/AI-Engineer-Intern_JR_047856?utm_source=Simplify&ref=Simplify,24d
Resmed,Software Engineer Intern,"San Diego, CA",https://resmed.wd3.myworkdayjobs.com/en-US/ResMed_External_Careers/job/San-Diego-CA-United-States/Software-Engineer-Intern_JR_047857?utm_source=Simplify&ref=Simplify,24d
Resmed,Software Developer,"San Diego, CA",https://resmed.wd3.myworkdayjobs.com/en-US/ResMed_External_Careers/job/San-Diego-CA-United-States/Software-Developer-Intern_JR_047863?utm_source=Simplify&ref=Simplify,24d
Pluralsight,Software Engineer Intern,"Westlake, TX",https://pluralsight.wd1.myworkdayjobs.com/en-US/Careers/job/Hybrid---Texas-Westlake/Software-Engineer-Intern_R0013956?utm_source=Simplify&ref=Simplify,24d
Bio-Techne,Software Engineer Intern,"Austin, TX",https://biotechne.wd5.myworkdayjobs.com/en-US/Biotechne/job/Austin-TX/Software-Engineering-Intern_JR101487?utm_source=Simplify&ref=Simplify,24d
GoDaddy,Intern - Bootcamp,"Tempe, AZ",https://job-boards.greenhouse.io/eventsandinterns/jobs/7616153003?utm_source=Simplify&ref=Simplify,24d
Greenheck Group,Product Engineer Co-op,"Burnsville, NC",https://greenheckgroup.wd5.myworkdayjobs.com/external/job/Marion-NC/Product-Engineer-Co-op_JR102875?utm_source=Simplify&ref=Simplify,24d
Driscoll's,Information Services – Software Engineering Intern - Application Development,"Aptos, CA",https://driscolls.wd5.myworkdayjobs.com/driscolls/job/US---Watsonville-California/Information-Services----Software-Engineering-Intern---Application-Development_R0008652?utm_source=Simplify&ref=Simplify,24d
Intuitive Surgical,Software Engineering Intern,"Sunnyvale, CA",https://jobs.smartrecruiters.com/Intuitive/744000107599647?utm_source=Simplify&ref=Simplify,24d
OTR Solutions,Technology Intern,"Roswell, GA",https://job-boards.greenhouse.io/otrcapital1/jobs/4659147002?utm_source=Simplify&ref=Simplify,25d
Honeywell,Apprentice - Software Configuration,"Yeovil, UK",https://ibqbjb.fa.ocs.oraclecloud.com/hcmUI/CandidateExperience/en/sites/Honeywell/job/137247?utm_source=Simplify&ref=Simplify,25d
AssetMark,Application Engineering Intern,"Charlotte, NC",https://assetmark.wd5.myworkdayjobs.com/AssetMark_Careers/job/Charlotte-NC/Application-Engineering-Intern_Req-003660?utm_source=Simplify&ref=Simplify,25d
VSP Vision,Intern - Software Engineer - Ventures,Remote in USA,https://vsp.wd1.myworkdayjobs.com/vspvisioncareers/job/Remote-US/Internship--Software-Engineer---Ventures_R-8827?utm_source=Simplify&ref=Simplify,25d
Apex,Software Engineering Intern - Integrated Solutions,LA,https://jobs.ashbyhq.com/apex-technology-inc/2f1ef6de-1a26-4fa2-a9e5-f660796983ad/application?utm_source=Simplify&ref=Simplify,25d
Dryft,Full-Stack Engineer Intern,SF,https://jobs.ashbyhq.com/dryft/3f1c261d-9b65-412b-9f17-34b8968bdd78/application?utm_source=Simplify&ref=Simplify,25d
Auctor,Software Engineering Intern,NYC,https://jobs.ashbyhq.com/auctor/9d67c881-3ca7-4616-a059-e94c03e19607/application?utm_source=Simplify&ref=Simplify,25d
Hewlett Packard (HP),Software Developer Intern,"Spring, TX, Corvallis, OR, Vancouver, WA",https://hp.wd5.myworkdayjobs.com/EXTEU-AC-CareerSite/job/Spring-Texas-United-States-of-America/Software-Developer-Internship_3153304?utm_source=Simplify&ref=Simplify,25d
HARMAN International,Summer Intern - Software Developer - Digital,"Novi, MI",https://harman.wd3.myworkdayjobs.com/HARMAN/job/Novi---Michigan-USA---Cabot-Drive/Summer-Intern---Software-Developer---DigITal_R-51464-2026?utm_source=Simplify&ref=Simplify,25d
Paccar,Software Engineering Intern - Powertrain Development,"Burlington, WA",https://jobs.paccar.com/job/Mount-Vernon-Software-Engineering-Intern-Powertrain-Development-WA-98273-9671/1290590101/?ats=successfactors&utm_source=Simplify&ref=Simplify,25d
Red Ventures,2026 Launch Program: Associate Software Engineer Intern,"Charlotte, NC",https://www.redventures.com/careers/positions/open?gh_jid=7589458&utm_source=Simplify&ref=Simplify,25d
Apex Fintech Solutions,Software Engineering Intern - Margins,"Austin, TX",https://peak6group.wd1.myworkdayjobs.com/apexfintechsolutions/job/Austin-TX/Software-Engineering-Intern---Margins_JR104263?utm_source=Simplify&ref=Simplify,25d
Intuitive Surgical,Platform Software Engineering Intern 🎓,"Sunnyvale, CA",https://jobs.smartrecruiters.com/Intuitive/744000107332945?utm_source=Simplify&ref=Simplify,25d
Trane Technologies,Business Systems Analyst Intern,"Winona, MN",https://careers.tranetechnologies.com/global/en/job/2600924?utm_source=Simplify&ref=Simplify,25d
Intuitive Surgical,Fullstack Software Engineering Intern,"Sunnyvale, CA",https://jobs.smartrecruiters.com/Intuitive/744000107328121?utm_source=Simplify&ref=Simplify,25d
Wade Trim,Software Developer Intern - Sharepoint,"Detroit, MI",https://jobs.lever.co/wadetrim/da20ee87-1b51-4f97-81b6-6b3fd61f8c5a/apply?utm_source=Simplify&ref=Simplify,25d
Crum & Forster Insurance,Software Engineer Intern,"Glastonbury, CT",https://careers-cfins.icims.com/jobs/4748/job?mobile=true&needsRedirect=false&utm_source=Simplify&ref=Simplify,25d
🔥 Oracle,Software Development Intern - Global Licensing and Advisory Services,"San Carlos, CA",https://eeho.fa.us2.oraclecloud.com/hcmUI/CandidateExperience/en/sites/CX_45001/job/325487?utm_source=Simplify&ref=Simplify,26d
General Dynamics Mission Systems,Software Engineering Intern,"Dedham, MA",https://careers-gdms.icims.com/jobs/70444/job?mobile=true&needsRedirect=false&utm_source=Simplify&ref=Simplify,26d
Micron Technology,Intern-QMS Document Automation,"Leander, TX",https://micron.wd1.myworkdayjobs.com/External/job/MSB-Singapore/Intern--QMS-Document-Automation_JR89681?utm_source=Simplify&ref=Simplify,26d
Zebra Technologies,Intern - Corporate and Business Services,"Mississauga, ON, Canada",https://zebra.eightfold.ai/careers/job/343637095105?utm_source=Simplify&ref=Simplify,26d
Zip,Software Engineer Intern,SF,https://jobs.ashbyhq.com/zip/8d430f5d-3a7a-4dc5-8859-ff31c4169be2/application?utm_source=Simplify&ref=Simplify,26d
General Dynamics Mission Systems,Software Engineering Intern,"Dedham, MA",https://careers-gdms.icims.com/jobs/70532/job?mobile=true&needsRedirect=false&utm_source=Simplify&ref=Simplify,26d
National Renewable Energy Laboratory,Software Engineering Intern,"Golden, CO",https://nrel.wd5.myworkdayjobs.com/nrel/job/Golden-CO/Post-Undergraduate-Graduate--Summer--Software-Engineering-Intern-for-Grid-Modeling-Applications_R14140?utm_source=Simplify&ref=Simplify,26d
Bio-Techne,Software Developer Intern,"Wallingford, CT",https://biotechne.wd5.myworkdayjobs.com/en-US/Biotechne/job/Wallingford-CT/Software-Developer-Intern_JR101471?utm_source=Simplify&ref=Simplify,26d
Medical Informatics Engineering,Development Intern,"Fort Wayne, IN",https://job-boards.greenhouse.io/medicalinformaticsengineering/jobs/4116759009?utm_source=Simplify&ref=Simplify,26d
AspenTech,Project Engineering Intern - Digital Grid Management - Summer 2026,"Wayzata, MN",https://aspentech.wd5.myworkdayjobs.com/aspentech/job/Medina-Minnesota/Project-Engineering-Intern---Digital-Grid-Management---Summer-2026_R8646?utm_source=Simplify&ref=Simplify,26d
AspenTech,Software Developer Intern - Digital Grid Management,"Wayzata, MN",https://aspentech.wd5.myworkdayjobs.com/aspentech/job/Medina-Minnesota/Software-Development-Intern---Digital-Grid-Management---Summer-2026_R8627-1?utm_source=Simplify&ref=Simplify,26d
Veeva Systems,Intern Software Engineer - Months,"Toronto, ON, Canada",https://jobs.lever.co/veeva/e3c29bc1-1fa6-4a8c-85d7-8b2d2656382b/apply?utm_source=Simplify&ref=Simplify,26d
Emerson Electric,Software Engineering Intern,"Austin, TX",https://hdjq.fa.us2.oraclecloud.com/hcmUI/CandidateExperience/en/sites/CX_1/job/26000953?utm_source=Simplify&ref=Simplify,26d
Werfen,Software Engineering Intern,"Bedford, MA",https://careers-werfen.icims.com/jobs/9896/job?mobile=true&needsRedirect=false&utm_source=Simplify&ref=Simplify,26d
Werfen,Software Engineering Intern,"Bedford, MA",https://careers-werfen.icims.com/jobs/9881/job?mobile=true&needsRedirect=false&utm_source=Simplify&ref=Simplify,26d
Werfen,Software Engineering Intern,"Bedford, MA",https://careers-werfen.icims.com/jobs/9804/job?mobile=true&needsRedirect=false&utm_source=Simplify&ref=Simplify,26d
Werfen,Software Engineering Intern,"Bedford, MA",https://careers-werfen.icims.com/jobs/9827/job?mobile=true&needsRedirect=false&utm_source=Simplify&ref=Simplify,26d
🔥 Oracle,Ada Intern,"Nashville, TN",https://eeho.fa.us2.oraclecloud.com/hcmUI/CandidateExperience/en/sites/CX_45001/job/325227?utm_source=Simplify&ref=Simplify,26d
Rocket Companies,Database Engineer Intern,"Detroit, MI",https://quickenloans.wd5.myworkdayjobs.com/rocket_careers/job/Detroit-MI/Database-Engineer-Intern---Summer-2026_R-081632?utm_source=Simplify&ref=Simplify,26d
General Dynamics Mission Systems,Software Engineer Intern,"Bloomington, MN",https://careers-gdms.icims.com/jobs/70446/job?mobile=true&needsRedirect=false&utm_source=Simplify&ref=Simplify,27d
Guidewire,Go To Market AI Engineer,"San Mateo, CA",https://wd5.myworkdaysite.com/en-US/recruiting/guidewire/external/job/United-States---San-Mateo-CA/Go-To-Market-AI-Engineer-Intern_JR_14295?utm_source=Simplify&ref=Simplify,27d
Globus Medical,Software Co-Op,"Salem, NH",https://globusmedical.wd5.myworkdayjobs.com/GMED_Careers/job/Methuen-MA/Software-Co-Op_JR105396?utm_source=Simplify&ref=Simplify,27d
Acadian Asset Management,IT Software Engineering Co-op - July - Dec 2026,"Boston, MA",https://www.acadian-asset.com/careers/open-positions?gh_jid=4645552006&utm_source=Simplify&ref=Simplify,27d
Verkada,IOS Engineering Intern - Native Streaming Clients Team 2026,"San Mateo, CA",https://job-boards.greenhouse.io/verkada/jobs/5038878007?utm_source=Simplify&ref=Simplify,27d
Teledyne,NHRC Software Engineering Intern,"Huntsville, AL",https://flir.wd1.myworkdayjobs.com/flircareers/job/US---Huntsville-AL/NHRC-Software-Engineering-Internship_REQ32989?utm_source=Simplify&ref=Simplify,27d
Teledyne,NHRC Software Engineer,"Huntsville, AL",https://flir.wd1.myworkdayjobs.com/flircareers/job/US---Huntsville-AL/NHRC-Software-Engineer-Internship_REQ32988?utm_source=Simplify&ref=Simplify,27d
Avathon,Full Stack Engineering Intern,"Pleasanton, CA",https://avathon.com/company/careers-job-listing/?gh_jid=4655249005&utm_source=Simplify&ref=Simplify,27d
Resmed,Software Engineer Intern - Goscripts,"Nova Scotia, Canada",https://resmed.wd3.myworkdayjobs.com/en-US/ResMed_External_Careers/job/Halifax-Canada/Software-Engineer-Intern--GoScripts-_JR_047981?utm_source=Simplify&ref=Simplify,27d
Resmed,Software Engineer Intern - Myforms,"Nova Scotia, Canada",https://resmed.wd3.myworkdayjobs.com/en-US/ResMed_External_Careers/job/Halifax-Canada/Software-Engineer-Intern--MyForms-_JR_047980?utm_source=Simplify&ref=Simplify,27d
Resmed,Software Developer Intern,"Halifax Regional Municipality, NS, Canada",https://resmed.wd3.myworkdayjobs.com/en-US/ResMed_External_Careers/job/Halifax-Canada/Software-Developer-Intern_JR_047859?utm_source=Simplify&ref=Simplify,27d
Apptronik,Perception Software Intern - Humanoid Robotics,"Austin, TX",https://boards.greenhouse.io/apptronik/jobs/5789359004?utm_source=Simplify&ref=Simplify,27d
Shawmut Design and Construction,Intern/Coop-Software Development,"Boston, MA",https://careers-shawmut.icims.com/jobs/6685/job?mobile=true&needsRedirect=false&utm_source=Simplify&ref=Simplify,27d
G-Research,Software Engineering Intern,"London, UK",https://gresearch.wd103.myworkdayjobs.com/G-Research/job/London-UK/Software-Engineering-Intern_R3438?utm_source=Simplify&ref=Simplify,28d
Greenheck Group,Application Engineer Co-op,"Minneapolis, MN",https://greenheckgroup.wd5.myworkdayjobs.com/external/job/Minneapolis-MN/Application-Engineer-Co-op_JR102905?utm_source=Simplify&ref=Simplify,28d
G-Research,Software Engineering Intern,"London, UK",https://gresearch.wd103.myworkdayjobs.com/G-Research/job/London-UK/Software-Engineering-Internship_R3264?utm_source=Simplify&ref=Simplify,28d
Greenheck Group,Application Engineer Co-op,"Plover, WI",https://greenheckgroup.wd5.myworkdayjobs.com/external/job/Schofield-WI/WI-Application-Engineer-Co-op-Opportunities_JR102953?utm_source=Simplify&ref=Simplify,28d
JP Morgan Chase,Emerging Talent Software Engineer – City College of Tech Apprenticeship - Emerging Talent,"Chicago, IL",https://jpmc.fa.oraclecloud.com/hcmUI/CandidateExperience/en/sites/CX_1001/job/210700938?utm_source=Simplify&ref=Simplify,28d
Alo Yoga,Digital Engineering Intern 🎓,"San Ramon, CA",https://boards.greenhouse.io/aloyoga/jobs/5783146004?utm_source=Simplify&ref=Simplify,30d
Alo Yoga,Engineering Intern - Enterprise Resource Planning Finance Systems,"Culver City, CA",https://boards.greenhouse.io/aloyoga/jobs/5781860004?utm_source=Simplify&ref=Simplify,30d
Alo Yoga,Engineering Intern - Retail Technology,"San Ramon, CA",https://boards.greenhouse.io/aloyoga/jobs/5783155004?utm_source=Simplify&ref=Simplify,30d
Alo Yoga,Digital Engineering Intern 🎓,"Culver City, CA",https://boards.greenhouse.io/aloyoga/jobs/5781938004?utm_source=Simplify&ref=Simplify,30d
Etsy,Software Engineering Intern,"Brooklyn, NY",https://etsy.wd5.myworkdayjobs.com/Etsy_Careers/job/Brooklyn-New-York/Software-Engineering-Intern--2026--Brooklyn--NY-_JR5371?utm_source=Simplify&ref=Simplify,30d
Box,Software Engineering,"San Carlos, CA",https://job-boards.greenhouse.io/boxinc/jobs/7553772?utm_source=Simplify&ref=Simplify,30d
Virtru,Software Developer Intern - Platform Web,"Washington, DC",https://job-boards.greenhouse.io/virtru/jobs/4653403005?utm_source=Simplify&ref=Simplify,30d
Intuit,Summer 2026: Software Developer Co-op - 8 Months,"Toronto, ON, Canada",https://jobs.intuit.com/job/toronto/summer-2026-software-developer-co-op-8-months/27595/91207694032?utm_source=Simplify&ref=Simplify,30d
Magnet Forensics,Software Developer Intern/Co-op,"Ontario, Canada, Ottawa, ON, Canada, Kitchener, ON, Canada",https://jobs.lever.co/magnetforensics/c1b6a556-e988-4d43-bd57-7441a0a3654e/apply?utm_source=Simplify&ref=Simplify,30d
Intuit,Summer 2026: Software Developer Co-op - 4 Months,"Toronto, ON, Canada",https://jobs.intuit.com/job/toronto/summer-2026-software-developer-co-op-4-months/27595/91207694128?utm_source=Simplify&ref=Simplify,30d
Intuitive Surgical,Software Engineer,"Sunnyvale, CA",https://jobs.smartrecruiters.com/Intuitive/744000106572190?utm_source=Simplify&ref=Simplify,30d
Motorola,Android Applications Developer Intern,"Chicago, IL",https://motorolasolutions.wd5.myworkdayjobs.com/Careers/job/Chicago-IL/Android-Applications-Developer-Intern---Summer-2026_R57810-1?utm_source=Simplify&ref=Simplify,1mo
Dordt University,AI and Mobile Application Developer Intern iOS/Android,"Toronto, ON, Canada",https://ibmglobal.avature.net/en_US/careers/JobDetail?jobId=86158&utm_source=Simplify&ref=Simplify,1mo
Mastercard,Software Engineer Intern,"London, UK",https://mastercard.wd1.myworkdayjobs.com/CorporateCareers/job/London-England-Angel-Lane/Software-Engineer--Internship-Program-2026---London--England--UK_R-257380-2?utm_source=Simplify&ref=Simplify,1mo
Parsons,Software Engineer Intern - Summer 2026,"Colorado Springs, CO, Remote in USA",https://parsons.wd5.myworkdayjobs.com/en-US/search/job/US---CO-Colorado-Springs/Software-Engineer-Intern--Summer-2026-_R176939-1?utm_source=Simplify&ref=Simplify,1mo
EQ Bank,Software Developer – Intern,"Toronto, ON, Canada",https://jobs.lever.co/eqbank/a7418f84-e27f-4700-ac1c-81300f82c662/apply?utm_source=Simplify&ref=Simplify,1mo
Citizens Financial Group,Mobile App Development Intern,"Coralville, IA",https://hcgn.fa.us2.oraclecloud.com/hcmUI/CandidateExperience/en/sites/CX_1/job/44487?utm_source=Simplify&ref=Simplify,1mo
Ironclad,Software Engineer Intern,"SF, NYC",https://jobs.ashbyhq.com/ironcladhq/95ae3b0a-a061-4323-926a-7fa308b59387/application?utm_source=Simplify&ref=Simplify,1mo
Ercot,Engineering Intern,"Austin, TX, Pflugerville, TX",https://ercot.wd1.myworkdayjobs.com/ercot_careers/job/Taylor-TX/Intern---Engineering--Baylor-University-_R1993?utm_source=Simplify&ref=Simplify,1mo
Cadence Design Systems,Intern-Backend Developer,"Santa Fe, NM",https://cadence.wd1.myworkdayjobs.com/External_Careers/job/SANTA-FE-01/Intern-Backend-Developer_R52938?utm_source=Simplify&ref=Simplify,1mo
Cadence Design Systems,Intern-Backend Developer,"Santa Fe, NM",https://cadence.wd1.myworkdayjobs.com/OpenEye_Careers/job/SANTA-FE-01/Intern-Backend-Developer_R52938-2?utm_source=Simplify&ref=Simplify,1mo
Cadence Design Systems,Intern – Scientific Developer Target Exploration,"Santa Fe, NM",https://cadence.wd1.myworkdayjobs.com/OpenEye_Careers/job/SANTA-FE-01/Intern---Scientific-Developer-Target-Exploration_R52829?utm_source=Simplify&ref=Simplify,1mo
Electronic Arts,Software Engineer Co Op,"Victoria, BC, Canada",https://jobs.ea.com/en_US/careers/JobDetail/Software-Engineer-Co-Op-SUMMER-2026-8-months/211914?utm_source=Simplify&ref=Simplify,1mo
Philips,Co-op – Software Engineering - Cambridge - MA,"Cambridge, MA",https://philips.wd3.myworkdayjobs.com/jobs-and-careers/job/Cambridge-US-Massachusetts-United-States/Co-op---Software-Engineering---Cambridge--MA---June---December-2026_574068?utm_source=Simplify&ref=Simplify,1mo
Kaiser Permanente,Developer Bachelor's Intern,"Lake Oswego, OR",https://kp.taleo.net/careersection/external/jobdetail.ftl?job=1404942&utm_source=Simplify&ref=Simplify,1mo
Nokia,Software Developer Intern/Co-op,"Ottawa, ON, Canada",https://fa-evmr-saasfaprod1.fa.ocs.oraclecloud.com/hcmUI/CandidateExperience/en/sites/CX_1/job/30445?utm_source=Simplify&ref=Simplify,1mo
Nokia,Software Dev/AI Tools – Co-op/Intern,"Ottawa, ON, Canada",https://fa-evmr-saasfaprod1.fa.ocs.oraclecloud.com/hcmUI/CandidateExperience/en/sites/CX_1/job/30494?utm_source=Simplify&ref=Simplify,1mo
d-Matrix,Software Engineer Intern - Developer and Qualification Tools,"Santa Clara, CA",https://jobs.ashbyhq.com/d-Matrix/543579ed-fd2f-435d-b84e-420992decc44/application?utm_source=Simplify&ref=Simplify,1mo
Criteo,Software Development Engineer Intern,"Ann Arbor, MI",https://criteo.wd3.myworkdayjobs.com/Criteo_Career_Site/job/Ann-Arbor/Software-Development-Engineer-Intern_r20252?utm_source=Simplify&ref=Simplify,1mo
Autodesk,Intern Software Developer - Stagiaire en développement logiciel,"Montreal, QC, Canada",https://autodesk.wd1.myworkdayjobs.com/Ext/job/Montreal-QC-CAN/Intern-Software-Developer--Stagiaire-en-dveloppement-logiciel_26WD94951-1?utm_source=Simplify&ref=Simplify,1mo
The Walt Disney Company,Disney Live Entertainment Technical Development Intern,"Glendale, CA",https://disney.wd5.myworkdayjobs.com/disneycareerdc/job/Glendale-CA-USA/Disney-Live-Entertainment-Technical-Development-Intern--Summer-Fall-2026_10138539-1?utm_source=Simplify&ref=Simplify,1mo
Autodesk,Intern Software Developer - Stagiaire en développement logiciel,"Montreal, QC, Canada",https://autodesk.wd1.myworkdayjobs.com/uni/job/Montreal-QC-CAN/Intern-Software-Developer--Stagiaire-en-dveloppement-logiciel_26WD94951?utm_source=Simplify&ref=Simplify,1mo
Klaviyo,Full-stack Software Engineer Intern,"Boston, MA",https://job-boards.greenhouse.io/klaviyocampus/jobs/7603083003?utm_source=Simplify&ref=Simplify,1mo
Garda Capital Partners,Software Engineer Intern - Python,"Wayzata, MN",https://job-boards.greenhouse.io/gardacp/jobs/4174194004?utm_source=Simplify&ref=Simplify,1mo
🔥 TikTok,Software Engineer Intern - Ads Interface Platform,"San Jose, CA",https://lifeattiktok.com/search/7473334964256393479?utm_source=Simplify&ref=Simplify,1mo
W.R. Berkley,Intern,"Wilmington, DE",https://careers-berkley.icims.com/jobs/13471/job?mobile=true&needsRedirect=false&utm_source=Simplify&ref=Simplify,1mo
Booz Allen,University – 2026 Summer Games Software Developer Intern,"11 locations : Honolulu, HI, Annapolis Junction, MD, Colorado Springs, CO, McLean, VA, Rome, NY, Panama City, FL, Charleston, SC, Atlanta, GA, Huntsville, AL, San Diego, CA, El Segundo, CA",https://bah.wd1.myworkdayjobs.com/Confidential/job/McLean-VA/University--2026-Summer-Games-Software-Developer-Intern_R0225356-1?utm_source=Simplify&ref=Simplify,1mo
Virtru,Graduate Software Developer Intern,"Washington, DC",https://job-boards.greenhouse.io/virtru/jobs/4653402005?utm_source=Simplify&ref=Simplify,1mo
🔥 Dropbox,Support Enablement Engineer Intern,Remote in Canada,https://boards.greenhouse.io/embed/job_app?token=7531481&utm_source=Simplify&ref=Simplify,1mo
🔥 Dropbox,Support Enablement Engineer Intern - Summer 2026,Remote in USA,https://boards.greenhouse.io/embed/job_app?token=7531477&utm_source=Simplify&ref=Simplify,1mo
Flock Safety,Software Engineer Intern,"Atlanta, GA",https://jobs.ashbyhq.com/Flock%20Safety/28210ab6-8de5-43ff-880f-0aaa61bfa455/application?utm_source=Simplify&ref=Simplify,1mo
Assurant,Software Engineering Intern,Remote in USA,https://assurant.wd1.myworkdayjobs.com/External_Limited_Posting/job/United-States-Virtual/Summer-2026--Software-Engineering-Intern_R-112001?utm_source=Simplify&ref=Simplify,1mo
Assurant,Technical Product/Project Owner Intern,Remote in USA,https://assurant.wd1.myworkdayjobs.com/External_Limited_Posting/job/United-States-Virtual/Summer-2026--Technical-Product-Project-Owner-Intern_R-112000?utm_source=Simplify&ref=Simplify,1mo
Copeland,Associate Agile Engineer Intern,Ohio,https://copeland.wd5.myworkdayjobs.com/copeland_external_careers_page/job/Remote-US-Ohio/XMLNAME-2026-Associate-Agile-Engineer-Internship_JR113038?utm_source=Simplify&ref=Simplify,1mo
🔥 TikTok,Software Engineer Intern - Commerce Ads - 2026 Summer,"Seattle, WA",https://lifeattiktok.com/search/7595346355196954933?utm_source=Simplify&ref=Simplify,1mo
Booz Allen,University – Games Systems Engineering Intern,"11 locations : Honolulu, HI, Annapolis Junction, MD, Colorado Springs, CO, McLean, VA, Rome, NY, Panama City, FL, Charleston, SC, Atlanta, GA, Huntsville, AL, San Diego, CA, El Segundo, CA",https://bah.wd1.myworkdayjobs.com/Confidential/job/McLean-VA/University--2026-Summer-Games-Systems-Engineering-Intern_R0225531-1?utm_source=Simplify&ref=Simplify,1mo
Tandem,Engineering Intern,NYC,https://jobs.ashbyhq.com/tandem/82e10191-232e-4e8d-9c5e-cb82940cdfc7/application?utm_source=Simplify&ref=Simplify,1mo
GlossGenius,Engineering Intern - Summer 2026,SF,https://job-boards.greenhouse.io/glossgenius/jobs/7600548003?utm_source=Simplify&ref=Simplify,1mo
Airspace Intelligence,Software Engineer Intern - Summer,"Boston, MA",https://jobs.ashbyhq.com/airspace-intelligence.com/8d49943d-197e-4b14-b4cf-3df91c7f8437/application?utm_source=Simplify&ref=Simplify,1mo
Cadence Design Systems,Software Intern,"San Jose, CA",https://cadence.wd1.myworkdayjobs.com/External_Careers/job/SAN-JOSE/Software-Intern_R51990-1?utm_source=Simplify&ref=Simplify,1mo
Cadence Design Systems,Software Engineer Intern - Compilers,"San Jose, CA",https://cadence.wd1.myworkdayjobs.com/Univ_Careers/job/SAN-JOSE/Software-Engineer-Intern--Compilers----Summer-2026_R52507?utm_source=Simplify&ref=Simplify,1mo
Uline,Web Production Intern,"5 locations : Waukegan, IL, Milwaukee, WI, Pleasant Prairie, WI, Morton Grove, IL, Kenosha, WI",https://uline.wd1.myworkdayjobs.com/en-US/Uline_Careers/job/Pleasant-Prairie-WI/Web-Production-Internship---Summer-2026_R260708?utm_source=Simplify&ref=Simplify,1mo
Hex Technologies,Product Engineer Intern,"SF, NYC",https://boards.greenhouse.io/embed/job_app?token=5776185004&utm_source=Simplify&ref=Simplify,1mo
Roku,Software Engineer Intern - Tools,"Cambridge, UK",https://www.weareroku.com/jobs/7533355?gh_jid=7533355&utm_source=Simplify&ref=Simplify,1mo
Roku,Software Engineer Intern - User Interface,"Cambridge, UK",https://www.weareroku.com/jobs/7533354?gh_jid=7533354&utm_source=Simplify&ref=Simplify,1mo
SK hynix,Intern Processing-in-Memory 🎓,"San Jose, CA",https://job-boards.greenhouse.io/skhynixamerica/jobs/5078298008?utm_source=Simplify&ref=Simplify,1mo
RSM,Managed Application Services Consulting,"Denver, CO, Greenwood Village, CO",https://rsm.wd1.myworkdayjobs.com/RSMCareers/job/Denver-Greenwood/Managed-Application-Services-Consulting-Intern---Summer-2026_JR110951?utm_source=Simplify&ref=Simplify,1mo
Autodesk,Software Developer Intern,"Montreal, QC, Canada",https://autodesk.wd1.myworkdayjobs.com/uni/job/Montreal-QC-CAN/Stagiaire-en-Dveloppement-Logiciel--Intern-Software-Developer_25WD92638-1?utm_source=Simplify&ref=Simplify,1mo
Clayton,Software Engineer Intern,"Maryville, TN",https://claytonhomes.wd1.myworkdayjobs.com/ClaytonCareers/job/Maryville-TN/Associate-Professional--Intern_JR127100?utm_source=Simplify&ref=Simplify,1mo
KLA,Application Engineer Intern,"Milpitas, CA",https://kla.wd1.myworkdayjobs.com/UR/job/Milpitas-CA/Application-Engineer-Intern_2532180?utm_source=Simplify&ref=Simplify,1mo
The Federal Reserve System,Intern - Multiple Teams,"Kansas City, MO",https://rb.wd5.myworkdayjobs.com/en-US/FRS/job/Kansas-City-MO/Internship--Software-Engineer---TechEdge-Program---Summer-2026_R-0000031167-1?utm_source=Simplify&ref=Simplify,1mo
California ISO,Computer Science Intern,"Folsom, CA",https://jobs.smartrecruiters.com/CaliforniaISO/744000104561544?utm_source=Simplify&ref=Simplify,1mo
Philips,Intern Full-Stack Developer - Genome Informatics,"Cambridge, MA",https://philips.wd3.myworkdayjobs.com/jobs-and-careers/job/Cambridge-US-Massachusetts-United-States/Intern---Full-Stack-Developer--Genome-Informatics---Cambridge--MA---Summer-2026_572285?utm_source=Simplify&ref=Simplify,1mo
Cadence Design Systems,Intern – Scientific Developer Target Exploration,"Santa Fe, NM",https://cadence.wd1.myworkdayjobs.com/External_Careers/job/SANTA-FE-01/Intern---Scientific-Developer-Target-Exploration_R52829-2?utm_source=Simplify&ref=Simplify,1mo
🔥 TikTok,Frontend Engineer Intern - Ads Interface and Platform,"San Jose, CA",https://lifeattiktok.com/search/7595344466313529653?utm_source=Simplify&ref=Simplify,1mo
Verkada,Frontend Software Engineering Intern 2026,"San Mateo, CA",https://job-boards.greenhouse.io/verkada/jobs/5024322007?utm_source=Simplify&ref=Simplify,1mo
Verkada,Backend Software Engineer Intern,"San Mateo, CA",https://job-boards.greenhouse.io/verkada/jobs/5026094007?utm_source=Simplify&ref=Simplify,1mo
🔥 TikTok,Frontend Engineer Intern,"San Jose, CA",https://lifeattiktok.com/search/7595733632086591797?utm_source=Simplify&ref=Simplify,1mo
KBR,Software Engineer Intern,"Sioux Falls, SD",https://kbr.wd5.myworkdayjobs.com/KBR_Careers/job/Sioux-Falls-South-Dakota/Software-Engineer-Intern_R2117627?utm_source=Simplify&ref=Simplify,1mo
Electronic Arts,Game Creation SW Engineer Intern,"Vancouver, BC, Canada",https://jobs.ea.com/en_US/careers/JobDetail/Game-Creation-SW-Engineer-Intern/210902?utm_source=Simplify&ref=Simplify,1mo
Waabi,Systems Software Engineer Internship/Co-op - Summer 2026,"Toronto, ON, Canada",https://jobs.lever.co/waabi/9873fd9d-285f-4bf5-ac74-f69547615bc9/apply?utm_source=Simplify&ref=Simplify,1mo
Atomic Semi,Fab Software Engineering Intern - Summer,SF,https://jobs.ashbyhq.com/atomicsemi/0eaedaf8-25e7-4f35-8a18-7a71a28959d0/application?utm_source=Simplify&ref=Simplify,1mo
🔥 TikTok,Software Engineer Intern - Ads Infrastructure,"San Jose, CA",https://lifeattiktok.com/search/7572665884037826869?utm_source=Simplify&ref=Simplify,1mo
🔥 TikTok,Software Engineer Intern - Global Site Reliability Engineer,"San Jose, CA",https://lifeattiktok.com/search/7536042624604997896?utm_source=Simplify&ref=Simplify,1mo
Johnson Controls,Software Engineering Intern,"Milwaukee, WI",https://jci.wd5.myworkdayjobs.com/JCI/job/Milwaukee-Wisconsin-United-States-of-America/Software-Engineering-Intern_WD30258854?utm_source=Simplify&ref=Simplify,1mo
🔥 TikTok,Software Engineer Intern - Ads Measurement Signal and Privacy,"San Jose, CA",https://lifeattiktok.com/search/7595305817516165381?utm_source=Simplify&ref=Simplify,1mo
🔥 TikTok,Frontend Software Engineer Intern - Ads Measurement Signal and Privacy,"San Jose, CA",https://lifeattiktok.com/search/7595306554946193717?utm_source=Simplify&ref=Simplify,1mo
Zoox,Technical Program Management Intern - AI Tools Development,"San Mateo, CA",https://jobs.lever.co/zoox/4770d734-9d08-4eae-abb5-6002495ca147/apply?utm_source=Simplify&ref=Simplify,1mo
Parsons,Software Development Intern - Summer 2026,"Westminster, CO",https://parsons.wd5.myworkdayjobs.com/en-US/search/job/US---CO-Westminster/Software-Development-Intern---Summer-2026_R176219-2?utm_source=Simplify&ref=Simplify,1mo
Cadence Design Systems,Software Engineer Intern - Compilers,"San Jose, CA",https://cadence.wd1.myworkdayjobs.com/University_Talent_Intern/job/SAN-JOSE/Software-Engineer-Intern--Compilers----Summer-2026_R52507-2?utm_source=Simplify&ref=Simplify,1mo
Cadence Design Systems,Software Engineer Intern - Compilers,"San Jose, CA",https://cadence.wd1.myworkdayjobs.com/University_Talent/job/SAN-JOSE/Software-Engineer-Intern--Compilers----Summer-2026_R52507-3?utm_source=Simplify&ref=Simplify,1mo
Astranis,Testbed infrastructure Intern 2026 - Summer 2026,SF,https://job-boards.greenhouse.io/astranis/jobs/4643730006?utm_source=Simplify&ref=Simplify,1mo
Veeva Systems,Intern Software Engineer - Summer 2026,"Pleasanton, CA",https://jobs.lever.co/veeva/4df9c2ca-d702-4d41-af82-290deff66564/apply?utm_source=Simplify&ref=Simplify,1mo
Exiger,Software Engineer Intern,"McLean, VA",https://www.exiger.com/careers/5751719004?gh_jid=5751719004&utm_source=Simplify&ref=Simplify,1mo
LMI,Space Systems Software Development Intern - Summer 2026,"Colorado Springs, CO",https://careers-lmi.icims.com/jobs/13506/job?mobile=true&needsRedirect=false&utm_source=Simplify&ref=Simplify,1mo
STR,Cyber Emulation Engineer,"Burlington, MA",https://job-boards.greenhouse.io/systemstechnologyresearch/jobs/4643134006?utm_source=Simplify&ref=Simplify,1mo
🔥 TikTok,General Hire – Software Engineer Intern,"San Jose, CA",https://lifeattiktok.com/search/7592368550477465909?utm_source=Simplify&ref=Simplify,1mo
Electronic Arts,Software Engineer Intern,"Vancouver, BC, Canada",https://jobs.ea.com/en_US/careers/JobDetail/Software-Engineer-Intern/210835?utm_source=Simplify&ref=Simplify,1mo
Wade Trim,Software Developer Intern,"Detroit, MI",https://jobs.lever.co/wadetrim/6d95727d-2eb6-4df3-942a-4211be12681b/apply?utm_source=Simplify&ref=Simplify,1mo
Nex,Software Engineer Intern - Game Development,"San Jose, CA",https://job-boards.greenhouse.io/nex/jobs/5057399008?utm_source=Simplify&ref=Simplify,1mo
Masimo,2026 Summer Intern - Software Engineering,"Irvine, CA",https://egcu.fa.us6.oraclecloud.com/hcmUI/CandidateExperience/en/sites/CX/job/3588?utm_source=Simplify&ref=Simplify,1mo
Autostore,Software Engineering Intern - Summer,"Denver, CO",https://autostore.wd3.myworkdayjobs.com/autostore/job/Denver-USA/Software-Engineering-Intern_JR102345?utm_source=Simplify&ref=Simplify,1mo
Nokia,Security Software Developer Intern,"Ottawa, ON, Canada",https://fa-evmr-saasfaprod1.fa.ocs.oraclecloud.com/hcmUI/CandidateExperience/en/sites/CX_1/job/29678?utm_source=Simplify&ref=Simplify,1mo
Nokia,Data fabric and network automation Co-op,"Sunnyvale, CA",https://fa-evmr-saasfaprod1.fa.ocs.oraclecloud.com/hcmUI/CandidateExperience/en/sites/CX_1/job/29680?utm_source=Simplify&ref=Simplify,1mo
Nokia,R&D Intern,"Naperville, IL",https://fa-evmr-saasfaprod1.fa.ocs.oraclecloud.com/hcmUI/CandidateExperience/en/sites/CX_1/job/29510?utm_source=Simplify&ref=Simplify,1mo
Nokia,Security Software Developer Co-Op,"Sunnyvale, CA",https://fa-evmr-saasfaprod1.fa.ocs.oraclecloud.com/hcmUI/CandidateExperience/en/sites/CX_1/job/29545?utm_source=Simplify&ref=Simplify,1mo
Nokia,Research and Development Intern,"Naperville, IL",https://fa-evmr-saasfaprod1.fa.ocs.oraclecloud.com/hcmUI/CandidateExperience/en/sites/CX_1/job/29323?utm_source=Simplify&ref=Simplify,1mo
LMI,Systems Analyst Intern - Usps - Summer 2026,"Washington, DC, Vienna, VA",https://careers-lmi.icims.com/jobs/13492/job?mobile=true&needsRedirect=false&utm_source=Simplify&ref=Simplify,1mo
Loft,Commerce Platform Intern - Summer 2026,"Fort Myers, FL",https://knitwellgroup.wd1.myworkdayjobs.com/US_Corporate_Jobs/job/Corporate-ascena--Remote/Commerce-Platform-Intern---Summer-2026_R-2019957?utm_source=Simplify&ref=Simplify,1mo
Electronic Arts,Software Engineer Intern,"Vancouver, BC, Canada",https://jobs.ea.com/en_US/careers/JobDetail/Software-Engineer-Intern/210923?utm_source=Simplify&ref=Simplify,1mo
Ithaka,Intern Software Engineer,Remote in USA,https://www.ithaka.org/job/4645220005?gh_jid=4645220005&utm_source=Simplify&ref=Simplify,1mo
DRW Holdings,Software Developer Intern,"Montreal, QC, Canada",https://job-boards.greenhouse.io/drweng/jobs/7194245?utm_source=Simplify&ref=Simplify,1mo
